{"stats":{"minecraft:killed_by":{"minecraft:player":1},"minecraft:broken":{"rpgsmw:iron_scythe":1},"minecraft:custom":{"minecraft:mob_kills":70,"minecraft:interact_with_crafting_table":42,"minecraft:open_barrel":1,"minecraft:interact_with_campfire":4,"minecraft:leave_game":4,"minecraft:time_since_death":106445,"minecraft:climb_one_cm":5068,"minecraft:sprint_one_cm":305869,"minecraft:walk_one_cm":300752,"minecraft:drop":56,"minecraft:raid_win":1,"minecraft:play_time":144370,"minecraft:deaths":1,"minecraft:sneak_time":17223,"minecraft:walk_under_water_one_cm":15140,"tombstone:tomb_raiding":1,"minecraft:jump":1761,"minecraft:walk_on_water_one_cm":20607,"minecraft:total_world_time":144370,"minecraft:interact_with_furnace":106,"tombstone:raider_killed":9,"minecraft:raid_trigger":1,"minecraft:time_since_rest":106705,"minecraft:damage_taken":3665,"minecraft:damage_absorbed":40,"minecraft:damage_dealt":9676,"minecraft:swim_one_cm":13112,"minecraft:fly_one_cm":287598,"minecraft:open_chest":18,"minecraft:crouch_one_cm":52386,"tombstone:undead_killed":22,"minecraft:fall_one_cm":49983,"minecraft:horse_one_cm":375626},"minecraft:used":{"rpgsmw:stone_greatsword":1,"minecraft:stone_shovel":52,"rpgsmw:iron_scythe":189,"gobber2:gobber2_gooey_bread":1,"minecraft:cooked_chicken":2,"minecraft:iron_chestplate":1,"minecraft:torch":23,"minecraft:dirt":34,"minecraft:birch_sapling":5,"minecraft:iron_boots":1,"minecraft:furnace":10,"rpgsmw:stone_battle_axe":32,"tombstone:gift":4,"minecraft:egg":2,"minecraft:cooked_beef":27,"minecraft:iron_leggings":1,"minecraft:cooked_mutton":11,"minecraft:diorite":22,"minecraft:birch_planks":15,"minecraft:stone_pickaxe":44,"minecraft:wooden_pickaxe":12,"minecraft:oak_leaves":1,"minecraft:golden_apple":1,"minecraft:sand":13,"minecraft:crafting_table":8,"minecraft:campfire":1,"minecraft:dripstone_block":25,"minecraft:apple":1,"minecraft:bread":18,"minecraft:melon_slice":20,"minecraft:iron_pickaxe":178,"minecraft:stone_axe":55,"minecraft:cooked_porkchop":1,"alexsmobs:animal_dictionary":2},"minecraft:dropped":{"minecraft:wheat_seeds":3,"minecraft:cooked_beef":9,"minecraft:crossbow":1,"minecraft:cobblestone":5,"rpgsmw:stone_greatsword":2,"minecraft:apple":2,"minecraft:coal":6,"minecraft:dirt":5,"minecraft:diorite":6,"minecraft:torch":25,"minecraft:wooden_axe":1,"minecraft:melon_slice":2,"minecraft:sand":1,"minecraft:birch_log":1,"gobber2:gobber2_gooey_bread":1,"minecraft:moss_carpet":1,"rpgsmw:stone_battle_axe":2,"minecraft:coarse_dirt":1,"minecraft:cooked_chicken":2,"minecraft:birch_sapling":10,"minecraft:pointed_dripstone":1,"minecraft:rotten_flesh":12,"alexsmobs:cockroach_wing_fragment":1,"minecraft:oak_sapling":14,"minecraft:spider_eye":2,"minecraft:arrow":1,"minecraft:stone_pickaxe":2},"minecraft:picked_up":{"minecraft:wooden_axe":1,"minecraft:coarse_dirt":1,"minecraft:crafting_table":5,"minecraft:chicken":4,"minecraft:smithing_table":1,"mowziesmobs:glowing_jelly":1,"minecraft:brewing_stand":1,"minecraft:string":1,"minecraft:moss_carpet":1,"rpgsmw:stone_greatsword":2,"minecraft:cobbled_deepslate":8,"minecraft:beef":33,"minecraft:poppy":1,"minecraft:melon_slice":22,"minecraft:sugar_cane":6,"minecraft:birch_sapling":14,"minecraft:furnace":8,"minecraft:egg":2,"minecraft:stick":8,"minecraft:raw_iron":48,"minecraft:torch":9,"minecraft:porkchop":1,"minecraft:pointed_dripstone":8,"tombstone:grave_dust":2,"minecraft:diorite":28,"gobber2:gobber2_foo":1,"minecraft:arrow":16,"minecraft:rotten_flesh":12,"minecraft:hay_block":6,"minecraft:black_banner":1,"minecraft:mutton":11,"minecraft:white_wool":12,"minecraft:cobblestone":32,"minecraft:birch_log":22,"minecraft:feather":3,"minecraft:leather":12,"minecraft:potato":1,"minecraft:filled_map":1,"minecraft:birch_planks":19,"minecraft:oak_log":16,"minecraft:gunpowder":3,"minecraft:dirt":39,"minecraft:white_banner":3,"minecraft:bone":14,"minecraft:apple":3,"gobber2:gobber2_gooey_beef":1,"minecraft:wheat_seeds":3,"mowziesmobs:foliaath_seed":2,"minecraft:raw_gold":15,"alexsmobs:cockroach_wing_fragment":1,"minecraft:stone_pickaxe":1,"minecraft:iron_ingot":1,"minecraft:cooked_chicken":4,"rpgsmw:stone_battle_axe":1,"minecraft:bamboo":14,"gobber2:gobber2_gooey_bread":2,"minecraft:book":36,"minecraft:dripstone_block":25,"minecraft:sand":26,"minecraft:spider_eye":2,"rpgsmw:class_choose_orb":1,"minecraft:diamond":10,"rpgsmw:class_remove_orb":1,"minecraft:crossbow":1,"minecraft:emerald":3,"minecraft:oak_sapling":14,"minecraft:damaged_anvil":1,"minecraft:oak_leaves":1,"gobber2:gobber2_goo":2,"minecraft:coal":56},"minecraft:killed":{"minecraft:spider":4,"minecraft:skeleton":8,"alexsmobs:leafcutter_ant":1,"minecraft:chicken":5,"alexsmobs:capuchin_monkey":1,"mowziesmobs:foliaath":1,"minecraft:pig":1,"minecraft:ravager":1,"minecraft:creeper":3,"minecraft:sheep":4,"mowziesmobs:lantern":1,"minecraft:pillager":8,"minecraft:zombie":14,"alexsmobs:cockroach":2,"alexsmobs:terrapin":2,"minecraft:cow":13},"minecraft:mined":{"minecraft:deepslate_diamond_ore":10,"minecraft:brewing_stand":1,"minecraft:grass_block":24,"gobber2:gobber2_lucky_block":7,"minecraft:hay_block":6,"minecraft:furnace":8,"minecraft:iron_ore":31,"minecraft:bookshelf":12,"minecraft:deepslate_iron_ore":17,"minecraft:bamboo":1,"minecraft:stone":32,"minecraft:smithing_table":1,"minecraft:glass_pane":1,"expore:exp_ore":2,"minecraft:crafting_table":4,"minecraft:torch":5,"minecraft:poppy":1,"minecraft:melon":11,"minecraft:tall_grass":2,"minecraft:cobblestone":3,"minecraft:deepslate_gold_ore":6,"minecraft:sugar_cane":4,"minecraft:damaged_anvil":1,"minecraft:diorite":24,"minecraft:wall_torch":4,"minecraft:skeleton_skull":1,"minecraft:coarse_dirt":1,"minecraft:birch_log":21,"minecraft:black_wall_banner":1,"minecraft:birch_leaves":2,"minecraft:grass":23,"minecraft:oak_log":19,"minecraft:coal_ore":41,"minecraft:dripstone_block":25,"minecraft:sand":25,"minecraft:dirt":12,"minecraft:gold_ore":9,"minecraft:oak_leaves":8,"minecraft:deepslate":8,"minecraft:fern":4},"minecraft:crafted":{"minecraft:oak_planks":52,"minecraft:stone_shovel":1,"rpgsmw:iron_scythe":2,"minecraft:furnace":2,"minecraft:cooked_mutton":11,"minecraft:glass":12,"travelersbackpack:white_sleeping_bag":1,"minecraft:iron_boots":1,"minecraft:stone_pickaxe":1,"minecraft:chest":1,"rpgsmw:woodenfiber":1,"minecraft:wheat":54,"minecraft:cooked_beef":28,"minecraft:red_dye":1,"minecraft:cooked_porkchop":1,"minecraft:crafting_table":5,"travelersbackpack:backpack_tank":2,"minecraft:iron_helmet":1,"minecraft:wooden_pickaxe":1,"travelersbackpack:standard":1,"minecraft:red_bed":1,"minecraft:birch_planks":84,"minecraft:campfire":1,"minecraft:stone_axe":3,"minecraft:bread":18,"minecraft:air":0,"minecraft:iron_chestplate":1,"minecraft:shield":2,"rpgsmw:stone_battle_axe":1,"minecraft:stick":40,"minecraft:iron_ingot":48,"minecraft:iron_pickaxe":2,"minecraft:iron_leggings":1,"minecraft:gold_ingot":4,"minecraft:white_bed":1,"minecraft:torch":76,"minecraft:shears":1}},"DataVersion":3465}