{"stats":{"minecraft:custom":{"minecraft:mob_kills":39,"minecraft:interact_with_crafting_table":29,"minecraft:interact_with_campfire":19,"minecraft:bell_ring":3,"minecraft:leave_game":7,"minecraft:time_since_death":127283,"minecraft:climb_one_cm":4166,"minecraft:sprint_one_cm":308668,"minecraft:walk_one_cm":393407,"minecraft:damage_blocked_by_shield":480,"minecraft:drop":88,"minecraft:play_time":191747,"minecraft:deaths":7,"minecraft:sneak_time":2117,"minecraft:walk_under_water_one_cm":25098,"minecraft:jump":2066,"minecraft:walk_on_water_one_cm":30655,"minecraft:total_world_time":191747,"minecraft:interact_with_furnace":15,"tombstone:raider_killed":2,"minecraft:sleep_in_bed":1,"minecraft:time_since_rest":55501,"minecraft:damage_taken":3680,"minecraft:damage_dealt":5860,"minecraft:swim_one_cm":38708,"minecraft:player_kills":1,"minecraft:fly_one_cm":364638,"minecraft:open_chest":14,"minecraft:crouch_one_cm":2989,"tombstone:undead_killed":10,"minecraft:interact_with_smoker":3,"minecraft:fall_one_cm":64327,"minecraft:horse_one_cm":399724},"minecraft:crafted":{"minecraft:oak_planks":172,"minecraft:bone_meal":6,"minecraft:glass":13,"minecraft:stone_pickaxe":2,"minecraft:dark_oak_planks":16,"minecraft:wheat":405,"minecraft:crafting_table":3,"travelersbackpack:backpack_tank":2,"minecraft:wooden_pickaxe":2,"minecraft:leather_helmet":1,"minecraft:birch_planks":28,"minecraft:stone_axe":1,"minecraft:bread":135,"minecraft:air":0,"minecraft:diamond_pickaxe":1,"minecraft:shield":1,"minecraft:stick":44,"minecraft:iron_ingot":8,"minecraft:leather_chestplate":1,"minecraft:iron_pickaxe":1,"minecraft:wooden_axe":4,"minecraft:stone_sword":1,"minecraft:torch":40,"minecraft:diamond_chestplate":1},"minecraft:dropped":{"minecraft:bread":65,"minecraft:wheat_seeds":4,"minecraft:lilac":2,"minecraft:diamond":2,"minecraft:crafting_table":2,"minecraft:dripstone_block":1,"minecraft:feather":4,"minecraft:cobblestone":100,"minecraft:leather":1,"minecraft:granite":9,"minecraft:diorite":20,"minecraft:torch":1,"tombstone:grave_key":2,"minecraft:wooden_axe":1,"tombstone:grave_dust":3,"minecraft:pumpkin":2,"minecraft:gravel":9,"minecraft:cobbled_deepslate":215,"minecraft:raw_copper":8,"minecraft:tuff":9,"minecraft:pointed_dripstone":19,"minecraft:rotten_flesh":9,"minecraft:oak_planks":32,"minecraft:peony":1,"minecraft:andesite":3,"minecraft:bamboo":3,"minecraft:stone_pickaxe":1,"minecraft:glass":3,"minecraft:wooden_pickaxe":1},"minecraft:mined":{"minecraft:tuff":10,"minecraft:white_bed":1,"rpgsmw:miphrildeepslateore":2,"minecraft:deepslate_diamond_ore":13,"alexsmobs:leafcutter_anthill":1,"minecraft:dark_oak_log":4,"minecraft:granite":8,"minecraft:grass_block":2,"alexsmobs:leafcutter_ant_chamber":3,"minecraft:hay_block":49,"minecraft:furnace":3,"minecraft:iron_ore":18,"minecraft:andesite":3,"minecraft:pumpkin":2,"evilcraft:dark_ore":4,"minecraft:deepslate_lapis_ore":6,"minecraft:peony":1,"minecraft:pointed_dripstone":5,"minecraft:deepslate_iron_ore":3,"minecraft:stripped_oak_log":1,"minecraft:stone":162,"expore:exp_ore":22,"minecraft:red_bed":2,"minecraft:smoker":1,"minecraft:dandelion":1,"minecraft:crafting_table":6,"minecraft:torch":5,"expore:deepslate_exp_ore":15,"minecraft:poppy":1,"minecraft:tall_grass":4,"minecraft:copper_ore":3,"minecraft:cobblestone":16,"minecraft:deepslate_gold_ore":26,"minecraft:diorite":22,"minecraft:wall_torch":2,"minecraft:seagrass":1,"evilcraft:dark_ore_deepslate":2,"minecraft:birch_log":7,"minecraft:lilac":2,"gobber2:gobber2_lucky_block_deepslate":4,"minecraft:grass":42,"minecraft:oak_log":42,"minecraft:coal_ore":10,"minecraft:dripstone_block":6,"minecraft:gravel":5,"minecraft:sand":16,"minecraft:oak_leaves":1,"minecraft:deepslate":218,"minecraft:fern":7,"paraglider:goddess_statue":1},"minecraft:used":{"minecraft:stone_sword":55,"gobber2:gobber2_gooey_bread":2,"minecraft:shield":12,"minecraft:cooked_salmon":1,"minecraft:cooked_chicken":2,"minecraft:torch":50,"minecraft:dirt":1,"mowziesmobs:glowing_jelly":1,"minecraft:dark_oak_planks":8,"minecraft:wooden_axe":100,"evilcraft:flesh_humanoid":1,"minecraft:hay_block":3,"minecraft:furnace":2,"tombstone:gift":3,"minecraft:egg":4,"minecraft:cooked_beef":8,"minecraft:cobbled_deepslate":1,"minecraft:diorite":3,"minecraft:birch_planks":24,"minecraft:oak_planks":62,"minecraft:stone_pickaxe":258,"minecraft:wooden_pickaxe":121,"minecraft:oak_leaves":1,"minecraft:salmon":2,"minecraft:sand":1,"minecraft:crafting_table":7,"minecraft:red_bed":1,"minecraft:dripstone_block":5,"minecraft:smoker":1,"minecraft:diamond_pickaxe":38,"minecraft:apple":2,"minecraft:chicken":2,"minecraft:bread":16,"minecraft:melon_slice":5,"minecraft:iron_pickaxe":249,"minecraft:stone_axe":20,"minecraft:cobblestone":14,"minecraft:pumpkin_pie":2,"alexsmobs:animal_dictionary":1,"alexsmobs:leafcutter_ant_chamber":1,"minecraft:dandelion":1},"minecraft:picked_up":{"minecraft:charcoal":2,"minecraft:crafting_table":6,"minecraft:chicken":2,"minecraft:wooden_pickaxe":1,"mowziesmobs:glowing_jelly":1,"minecraft:red_bed":2,"minecraft:raw_copper":8,"minecraft:cobbled_deepslate":217,"rpgsmw:rawmiphrilignot":2,"minecraft:beef":33,"minecraft:melon_slice":5,"minecraft:birch_sapling":1,"minecraft:furnace":3,"alexsmobs:leafcutter_ant_chamber":1,"minecraft:egg":4,"minecraft:stick":1,"minecraft:raw_iron":21,"minecraft:torch":16,"minecraft:porkchop":4,"minecraft:pointed_dripstone":19,"tombstone:grave_dust":2,"minecraft:diorite":23,"minecraft:arrow":4,"minecraft:rotten_flesh":9,"minecraft:peony":1,"minecraft:hay_block":48,"minecraft:saddle":1,"minecraft:mutton":3,"minecraft:cobblestone":189,"minecraft:white_wool":2,"minecraft:stripped_oak_log":1,"minecraft:birch_log":7,"minecraft:cooked_beef":14,"minecraft:feather":4,"minecraft:lilac":2,"minecraft:andesite":3,"minecraft:salmon":2,"minecraft:leather":14,"minecraft:smoker":1,"minecraft:tuff":9,"minecraft:oak_log":42,"minecraft:lapis_lazuli":33,"minecraft:dirt":1,"minecraft:cooked_mutton":3,"minecraft:glass":2,"minecraft:bone":2,"minecraft:apple":2,"gobber2:gobber2_gooey_beef":2,"minecraft:wheat_seeds":4,"minecraft:raw_gold":26,"minecraft:cooked_chicken":2,"minecraft:bamboo":3,"minecraft:oak_planks":31,"gobber2:gobber2_gooey_bread":2,"minecraft:cooked_porkchop":4,"minecraft:pumpkin":2,"minecraft:dandelion":1,"minecraft:dripstone_block":6,"minecraft:gravel":9,"minecraft:sand":16,"minecraft:white_bed":1,"minecraft:dark_oak_log":4,"minecraft:diamond":13,"evilcraft:dark_gem":25,"minecraft:granite":9,"minecraft:emerald":1,"minecraft:bread":1,"minecraft:oak_leaves":1,"minecraft:coal":10},"minecraft:killed":{"alexsmobs:raccoon":1,"minecraft:spider":1,"minecraft:skeleton":3,"minecraft:chicken":2,"minecraft:pig":2,"minecraft:salmon":2,"minecraft:sheep":2,"minecraft:pillager":2,"minecraft:zombie":7,"minecraft:cow":17},"minecraft:broken":{"minecraft:wooden_pickaxe":1,"minecraft:stone_pickaxe":1,"minecraft:iron_pickaxe":1,"minecraft:wooden_axe":2}},"DataVersion":3465}