{"stats":{"minecraft:custom":{"minecraft:mob_kills":27,"minecraft:interact_with_crafting_table":13,"minecraft:bell_ring":3,"minecraft:leave_game":4,"minecraft:time_since_death":51229,"minecraft:climb_one_cm":2883,"minecraft:time_since_rest":51259,"minecraft:sprint_one_cm":200556,"minecraft:damage_taken":2726,"minecraft:walk_one_cm":219137,"minecraft:drop":27,"minecraft:damage_dealt":2984,"minecraft:swim_one_cm":19306,"minecraft:fly_one_cm":255639,"minecraft:player_kills":1,"minecraft:open_chest":9,"minecraft:crouch_one_cm":2598,"minecraft:play_time":115693,"tombstone:undead_killed":1,"minecraft:deaths":7,"minecraft:sneak_time":1903,"minecraft:walk_under_water_one_cm":17811,"minecraft:jump":1250,"minecraft:walk_on_water_one_cm":21607,"minecraft:total_world_time":115693,"minecraft:interact_with_smoker":3,"minecraft:fall_one_cm":41948,"minecraft:horse_one_cm":371543},"minecraft:crafted":{"minecraft:oak_planks":56,"minecraft:crafting_table":1,"minecraft:wooden_pickaxe":2,"minecraft:birch_planks":28,"minecraft:stone_axe":1,"minecraft:bread":9,"minecraft:stick":36,"minecraft:stone_pickaxe":2,"minecraft:wooden_axe":4,"minecraft:stone_sword":1,"minecraft:dark_oak_planks":16,"minecraft:torch":8,"minecraft:wheat":27},"minecraft:dropped":{"minecraft:wheat_seeds":4,"minecraft:lilac":2,"minecraft:pointed_dripstone":12,"minecraft:feather":2,"minecraft:cobblestone":2,"minecraft:peony":1,"tombstone:grave_key":2,"minecraft:wooden_axe":1,"tombstone:grave_dust":1},"minecraft:mined":{"minecraft:white_bed":1,"minecraft:smoker":1,"alexsmobs:leafcutter_anthill":1,"minecraft:dark_oak_log":4,"minecraft:dandelion":1,"minecraft:crafting_table":2,"minecraft:torch":5,"minecraft:grass_block":2,"minecraft:poppy":1,"alexsmobs:leafcutter_ant_chamber":3,"minecraft:tall_grass":2,"minecraft:cobblestone":16,"minecraft:diorite":2,"minecraft:wall_torch":2,"minecraft:hay_block":3,"minecraft:seagrass":1,"minecraft:furnace":1,"minecraft:birch_log":7,"minecraft:lilac":2,"minecraft:pumpkin":2,"minecraft:peony":1,"minecraft:grass":37,"minecraft:pointed_dripstone":4,"minecraft:oak_log":42,"minecraft:dripstone_block":5,"minecraft:sand":1,"minecraft:stripped_oak_log":1,"minecraft:stone":16,"minecraft:oak_leaves":1,"minecraft:fern":7},"minecraft:used":{"minecraft:diorite":3,"minecraft:birch_planks":24,"minecraft:oak_planks":25,"minecraft:wooden_pickaxe":80,"minecraft:cooked_chicken":2,"minecraft:oak_leaves":1,"minecraft:salmon":2,"minecraft:torch":14,"minecraft:sand":1,"minecraft:dirt":1,"minecraft:crafting_table":3,"minecraft:dripstone_block":5,"mowziesmobs:glowing_jelly":1,"minecraft:dark_oak_planks":8,"minecraft:wooden_axe":100,"minecraft:apple":2,"minecraft:chicken":2,"minecraft:bread":6,"minecraft:melon_slice":5,"evilcraft:flesh_humanoid":1,"minecraft:cobblestone":14,"tombstone:gift":1,"alexsmobs:animal_dictionary":1,"minecraft:pumpkin_pie":2,"alexsmobs:leafcutter_ant_chamber":1,"minecraft:cooked_beef":2,"minecraft:dandelion":1},"minecraft:picked_up":{"minecraft:stripped_oak_log":1,"minecraft:birch_log":7,"minecraft:charcoal":2,"minecraft:crafting_table":2,"minecraft:lilac":2,"minecraft:feather":4,"minecraft:cooked_beef":2,"minecraft:chicken":2,"minecraft:salmon":2,"minecraft:leather":14,"minecraft:wooden_pickaxe":1,"minecraft:smoker":1,"mowziesmobs:glowing_jelly":1,"minecraft:oak_log":42,"minecraft:dirt":1,"minecraft:apple":2,"minecraft:wheat_seeds":4,"minecraft:beef":33,"minecraft:cooked_chicken":2,"minecraft:bamboo":3,"minecraft:melon_slice":5,"minecraft:birch_sapling":1,"minecraft:egg":4,"alexsmobs:leafcutter_ant_chamber":1,"minecraft:furnace":1,"minecraft:stick":1,"minecraft:pumpkin":2,"minecraft:torch":14,"minecraft:dandelion":1,"minecraft:dripstone_block":5,"minecraft:porkchop":4,"minecraft:sand":1,"minecraft:pointed_dripstone":12,"minecraft:diorite":3,"minecraft:white_bed":1,"minecraft:dark_oak_log":4,"minecraft:peony":1,"minecraft:hay_block":3,"minecraft:saddle":1,"minecraft:mutton":3,"minecraft:oak_leaves":1,"minecraft:white_wool":2,"minecraft:cobblestone":32},"minecraft:killed":{"minecraft:pig":2,"minecraft:salmon":2,"alexsmobs:raccoon":1,"minecraft:sheep":2,"minecraft:zombie":1,"minecraft:chicken":2,"minecraft:cow":17},"minecraft:broken":{"minecraft:wooden_axe":2,"minecraft:wooden_pickaxe":1}},"DataVersion":3465}