{"stats":{"minecraft:custom":{"minecraft:mob_kills":33,"tombstone:raider_killed":2,"minecraft:interact_with_crafting_table":17,"minecraft:bell_ring":3,"minecraft:leave_game":4,"minecraft:time_since_death":63229,"minecraft:climb_one_cm":3615,"minecraft:time_since_rest":63259,"minecraft:sprint_one_cm":224559,"minecraft:damage_taken":3306,"minecraft:walk_one_cm":256832,"minecraft:damage_blocked_by_shield":110,"minecraft:drop":36,"minecraft:damage_dealt":4624,"minecraft:swim_one_cm":19306,"minecraft:fly_one_cm":283131,"minecraft:player_kills":1,"minecraft:open_chest":12,"minecraft:crouch_one_cm":2598,"minecraft:play_time":127693,"tombstone:undead_killed":4,"minecraft:deaths":7,"minecraft:sneak_time":1909,"minecraft:walk_under_water_one_cm":17811,"minecraft:jump":1365,"minecraft:walk_on_water_one_cm":21607,"minecraft:total_world_time":127693,"minecraft:interact_with_smoker":3,"minecraft:fall_one_cm":44451,"minecraft:horse_one_cm":399724},"minecraft:crafted":{"minecraft:oak_planks":172,"minecraft:crafting_table":2,"minecraft:wooden_pickaxe":2,"minecraft:leather_helmet":1,"minecraft:birch_planks":28,"minecraft:stone_axe":1,"minecraft:bread":135,"minecraft:shield":1,"minecraft:stick":36,"minecraft:leather_chestplate":1,"minecraft:stone_pickaxe":2,"minecraft:wooden_axe":4,"minecraft:stone_sword":1,"minecraft:dark_oak_planks":16,"minecraft:torch":8,"minecraft:wheat":405},"minecraft:dropped":{"minecraft:bread":65,"minecraft:wheat_seeds":4,"minecraft:lilac":2,"minecraft:pointed_dripstone":12,"minecraft:rotten_flesh":7,"minecraft:feather":4,"minecraft:cobblestone":2,"minecraft:leather":1,"minecraft:peony":1,"tombstone:grave_key":2,"minecraft:wooden_axe":1,"tombstone:grave_dust":1,"minecraft:bamboo":3,"minecraft:wooden_pickaxe":1},"minecraft:mined":{"minecraft:white_bed":1,"minecraft:red_bed":1,"minecraft:smoker":1,"alexsmobs:leafcutter_anthill":1,"minecraft:dark_oak_log":4,"minecraft:dandelion":1,"minecraft:crafting_table":3,"minecraft:torch":5,"minecraft:grass_block":2,"minecraft:poppy":1,"alexsmobs:leafcutter_ant_chamber":3,"minecraft:tall_grass":4,"minecraft:cobblestone":16,"minecraft:diorite":2,"minecraft:wall_torch":2,"minecraft:hay_block":49,"minecraft:seagrass":1,"minecraft:furnace":1,"minecraft:birch_log":7,"minecraft:lilac":2,"minecraft:pumpkin":2,"minecraft:peony":1,"minecraft:grass":42,"minecraft:pointed_dripstone":4,"minecraft:oak_log":42,"minecraft:dripstone_block":5,"minecraft:sand":1,"minecraft:stripped_oak_log":1,"minecraft:stone":17,"paraglider:goddess_statue":1,"minecraft:oak_leaves":1,"minecraft:fern":7},"minecraft:used":{"minecraft:diorite":3,"minecraft:stone_sword":39,"minecraft:birch_planks":24,"minecraft:oak_planks":25,"minecraft:shield":4,"minecraft:wooden_pickaxe":121,"minecraft:cooked_chicken":2,"minecraft:oak_leaves":1,"minecraft:salmon":2,"minecraft:torch":16,"minecraft:sand":1,"minecraft:dirt":1,"minecraft:crafting_table":4,"minecraft:dripstone_block":5,"minecraft:smoker":1,"mowziesmobs:glowing_jelly":1,"minecraft:dark_oak_planks":8,"minecraft:wooden_axe":100,"minecraft:apple":2,"minecraft:chicken":2,"minecraft:bread":15,"minecraft:melon_slice":5,"evilcraft:flesh_humanoid":1,"minecraft:stone_axe":11,"minecraft:cobblestone":14,"minecraft:hay_block":3,"minecraft:egg":4,"tombstone:gift":1,"alexsmobs:animal_dictionary":1,"minecraft:pumpkin_pie":2,"alexsmobs:leafcutter_ant_chamber":1,"minecraft:cooked_beef":2,"minecraft:dandelion":1},"minecraft:picked_up":{"minecraft:stripped_oak_log":1,"minecraft:birch_log":7,"minecraft:charcoal":2,"minecraft:crafting_table":3,"minecraft:lilac":2,"minecraft:feather":4,"minecraft:cooked_beef":2,"minecraft:chicken":2,"minecraft:salmon":2,"minecraft:leather":14,"minecraft:wooden_pickaxe":1,"minecraft:smoker":1,"mowziesmobs:glowing_jelly":1,"minecraft:oak_log":42,"minecraft:red_bed":1,"minecraft:dirt":1,"minecraft:apple":2,"minecraft:wheat_seeds":4,"minecraft:beef":33,"minecraft:cooked_chicken":2,"minecraft:bamboo":3,"minecraft:melon_slice":5,"minecraft:birch_sapling":1,"minecraft:egg":4,"alexsmobs:leafcutter_ant_chamber":1,"minecraft:furnace":1,"minecraft:stick":1,"minecraft:pumpkin":2,"minecraft:torch":14,"minecraft:dandelion":1,"minecraft:dripstone_block":5,"minecraft:porkchop":4,"minecraft:sand":1,"minecraft:pointed_dripstone":12,"minecraft:diorite":3,"minecraft:white_bed":1,"minecraft:dark_oak_log":4,"minecraft:arrow":4,"minecraft:rotten_flesh":7,"minecraft:peony":1,"minecraft:hay_block":48,"minecraft:emerald":1,"minecraft:saddle":1,"minecraft:bread":1,"minecraft:mutton":3,"minecraft:oak_leaves":1,"minecraft:white_wool":2,"minecraft:cobblestone":33},"minecraft:killed":{"minecraft:pig":2,"minecraft:salmon":2,"alexsmobs:raccoon":1,"minecraft:spider":1,"minecraft:sheep":2,"minecraft:pillager":2,"minecraft:zombie":4,"minecraft:chicken":2,"minecraft:cow":17},"minecraft:broken":{"minecraft:wooden_axe":2,"minecraft:wooden_pickaxe":1}},"DataVersion":3465}