{"stats":{"minecraft:mined":{"minecraft:tuff":10,"minecraft:white_bed":1,"rpgsmw:miphrildeepslateore":2,"minecraft:mossy_cobblestone":1,"minecraft:deepslate_diamond_ore":19,"alexsmobs:leafcutter_anthill":1,"minecraft:dark_oak_log":4,"minecraft:obsidian":12,"minecraft:glow_lichen":1,"minecraft:granite":8,"minecraft:grass_block":2,"alexsmobs:leafcutter_ant_chamber":3,"minecraft:hay_block":49,"minecraft:furnace":3,"minecraft:iron_ore":41,"minecraft:andesite":3,"minecraft:pumpkin":2,"evilcraft:dark_ore":4,"minecraft:deepslate_lapis_ore":6,"minecraft:peony":1,"minecraft:bookshelf":8,"minecraft:pointed_dripstone":10,"minecraft:deepslate_iron_ore":33,"minecraft:stripped_oak_log":5,"minecraft:stone":211,"minecraft:glass_pane":1,"expore:exp_ore":31,"minecraft:red_bed":2,"minecraft:smoker":1,"minecraft:dandelion":1,"minecraft:crafting_table":6,"minecraft:torch":5,"expore:deepslate_exp_ore":52,"minecraft:poppy":1,"minecraft:copper_ore":3,"minecraft:tall_grass":4,"minecraft:cobblestone":34,"minecraft:deepslate_gold_ore":27,"minecraft:oak_planks":1,"minecraft:diorite":29,"minecraft:wall_torch":3,"minecraft:seagrass":1,"rpgsmw:mineral_ore":4,"evilcraft:dark_ore_deepslate":2,"minecraft:birch_log":7,"minecraft:lilac":2,"gobber2:gobber2_lucky_block_deepslate":4,"minecraft:grass":42,"minecraft:oak_log":54,"minecraft:coal_ore":22,"minecraft:gravel":13,"minecraft:dripstone_block":12,"minecraft:sand":16,"minecraft:deepslate":245,"minecraft:oak_leaves":1,"minecraft:fern":7,"paraglider:goddess_statue":1,"minecraft:suspicious_gravel":1},"minecraft:broken":{"minecraft:wooden_pickaxe":1,"minecraft:stone_pickaxe":1,"minecraft:iron_pickaxe":1,"minecraft:wooden_axe":2},"minecraft:dropped":{"minecraft:bread":65,"minecraft:wheat_seeds":5,"minecraft:lilac":2,"minecraft:mossy_cobblestone":1,"minecraft:diamond":2,"minecraft:crafting_table":2,"minecraft:dripstone_block":7,"minecraft:feather":4,"minecraft:cobblestone":188,"rpgsmw:stone_greatsword":1,"minecraft:leather":1,"minecraft:granite":9,"minecraft:rail":14,"minecraft:leather_helmet":1,"minecraft:stick":10,"spartanshields:golden_tower_shield":2,"minecraft:diorite":22,"minecraft:torch":2,"tombstone:grave_key":2,"minecraft:wooden_axe":1,"tombstone:grave_dust":3,"minecraft:pumpkin":2,"minecraft:gravel":9,"minecraft:sweet_berries":2,"alexsmobs:maggot":1,"minecraft:stone_sword":1,"minecraft:cobbled_deepslate":233,"minecraft:raw_copper":8,"minecraft:tuff":9,"minecraft:pointed_dripstone":28,"minecraft:rotten_flesh":14,"minecraft:oak_planks":32,"warhammersmod:hammer_iron":1,"rpgsmw:iron_rifle":1,"minecraft:peony":1,"minecraft:andesite":3,"minecraft:bamboo":3,"minecraft:stone_pickaxe":1,"minecraft:glass":3,"minecraft:wooden_pickaxe":1},"minecraft:used":{"rpgsmw:stone_greatsword":9,"minecraft:stone_sword":90,"gobber2:gobber2_gooey_bread":2,"minecraft:shield":19,"minecraft:cooked_salmon":10,"minecraft:cooked_chicken":2,"minecraft:torch":96,"minecraft:dirt":1,"warhammersmod:hammer_iron":36,"mowziesmobs:glowing_jelly":1,"minecraft:dark_oak_planks":8,"minecraft:wooden_axe":100,"evilcraft:flesh_humanoid":1,"minecraft:hay_block":3,"minecraft:furnace":3,"tombstone:gift":3,"minecraft:egg":4,"minecraft:cooked_beef":13,"minecraft:cobbled_deepslate":3,"minecraft:cooked_mutton":3,"minecraft:water_bucket":28,"minecraft:diorite":3,"minecraft:birch_planks":24,"minecraft:oak_planks":65,"minecraft:stone_pickaxe":258,"minecraft:wooden_pickaxe":121,"minecraft:oak_leaves":1,"minecraft:salmon":2,"spartanshields:golden_basic_shield":13,"minecraft:sand":1,"minecraft:rail":2,"minecraft:crafting_table":9,"minecraft:red_bed":1,"minecraft:dripstone_block":5,"minecraft:smoker":1,"minecraft:diamond_pickaxe":270,"minecraft:apple":2,"minecraft:chicken":2,"minecraft:bread":16,"minecraft:melon_slice":5,"minecraft:iron_pickaxe":249,"tombstone:magic_scroll":2,"minecraft:gravel":7,"minecraft:stone_axe":60,"travelersbackpack:standard":2,"minecraft:cobblestone":22,"minecraft:cooked_porkchop":1,"minecraft:bucket":29,"minecraft:chest_minecart":1,"minecraft:pumpkin_pie":2,"alexsmobs:animal_dictionary":1,"alexsmobs:leafcutter_ant_chamber":1,"minecraft:dandelion":1},"minecraft:killed":{"minecraft:cave_spider":3,"alexsmobs:raccoon":1,"minecraft:spider":2,"minecraft:skeleton":8,"minecraft:chicken":2,"minecraft:pig":3,"minecraft:salmon":2,"minecraft:sheep":2,"minecraft:pillager":2,"minecraft:zombie":16,"alexsmobs:fly":1,"minecraft:villager":1,"minecraft:cow":21},"minecraft:picked_up":{"minecraft:charcoal":2,"minecraft:crafting_table":7,"minecraft:chicken":2,"minecraft:chest_minecart":1,"warhammersmod:hammer_iron":1,"minecraft:wooden_pickaxe":1,"mowziesmobs:glowing_jelly":1,"minecraft:string":10,"minecraft:red_bed":2,"minecraft:raw_copper":8,"spartanshields:golden_tower_shield":1,"minecraft:cobbled_deepslate":236,"minecraft:beef":42,"rpgsmw:rawmiphrilignot":2,"minecraft:melon_slice":5,"minecraft:birch_sapling":1,"minecraft:furnace":3,"alexsmobs:leafcutter_ant_chamber":1,"minecraft:egg":4,"minecraft:stick":1,"minecraft:raw_iron":73,"improvableskills:parchment_fragment":1,"minecraft:torch":32,"minecraft:porkchop":7,"minecraft:pointed_dripstone":28,"tombstone:grave_dust":2,"minecraft:diorite":25,"minecraft:arrow":7,"minecraft:rotten_flesh":16,"minecraft:peony":1,"minecraft:hay_block":48,"rpgsmw:iron_rifle":1,"minecraft:saddle":1,"minecraft:obsidian":9,"minecraft:glow_berries":4,"minecraft:mutton":3,"minecraft:rail":14,"minecraft:white_wool":2,"minecraft:cobblestone":205,"minecraft:stripped_oak_log":5,"minecraft:birch_log":7,"minecraft:cooked_beef":14,"minecraft:feather":4,"minecraft:lilac":2,"minecraft:andesite":3,"minecraft:salmon":2,"minecraft:leather":24,"minecraft:smoker":1,"minecraft:tuff":9,"minecraft:oak_log":51,"minecraft:lapis_lazuli":33,"minecraft:dirt":1,"minecraft:cooked_mutton":3,"minecraft:glass":2,"minecraft:bone":7,"minecraft:apple":2,"gobber2:gobber2_gooey_beef":2,"minecraft:wheat_seeds":5,"minecraft:raw_gold":27,"minecraft:iron_ingot":10,"minecraft:cooked_chicken":2,"minecraft:bamboo":3,"minecraft:oak_planks":32,"gobber2:gobber2_gooey_bread":2,"minecraft:book":21,"minecraft:cooked_porkchop":4,"minecraft:pumpkin":2,"minecraft:sweet_berries":2,"minecraft:dandelion":1,"minecraft:dripstone_block":12,"minecraft:gravel":16,"minecraft:sand":16,"minecraft:white_bed":1,"minecraft:dark_oak_log":4,"minecraft:mossy_cobblestone":1,"rpgsmw:rangal":3,"minecraft:diamond":19,"evilcraft:dark_gem":25,"minecraft:granite":9,"minecraft:bread":1,"minecraft:emerald":1,"alexsmobs:maggot":1,"tombstone:magic_scroll":1,"minecraft:oak_leaves":1,"minecraft:coal":66},"minecraft:crafted":{"minecraft:oak_planks":224,"spartanshields:golden_basic_shield":1,"spartanshields:wooden_tower_shield":1,"minecraft:furnace":1,"minecraft:bone_meal":15,"warhammersmod:hammer_iron":1,"minecraft:glass":13,"travelersbackpack:white_sleeping_bag":1,"minecraft:iron_boots":1,"minecraft:stone_pickaxe":2,"minecraft:chest":1,"minecraft:dark_oak_planks":16,"rpgsmw:woodenfiber":2,"minecraft:golden_helmet":1,"minecraft:wheat":405,"travelersbackpack:coal":1,"minecraft:crafting_table":4,"travelersbackpack:backpack_tank":2,"minecraft:wooden_pickaxe":2,"travelersbackpack:standard":1,"rpgsmw:stone_greatsword":1,"minecraft:leather_helmet":1,"minecraft:bucket":1,"minecraft:birch_planks":28,"spartanshields:obsidian_basic_shield":1,"minecraft:stone_axe":1,"minecraft:bread":135,"minecraft:air":0,"minecraft:diamond_pickaxe":1,"minecraft:shield":1,"minecraft:stick":76,"minecraft:iron_ingot":70,"minecraft:leather_chestplate":1,"minecraft:iron_pickaxe":1,"minecraft:wooden_axe":4,"minecraft:stone_sword":2,"minecraft:iron_leggings":1,"minecraft:gold_ingot":26,"spartanshields:wooden_basic_shield":3,"spartanshields:golden_tower_shield":1,"minecraft:torch":88,"minecraft:diamond_chestplate":1},"minecraft:custom":{"minecraft:mob_kills":65,"minecraft:interact_with_crafting_table":75,"minecraft:interact_with_campfire":19,"minecraft:bell_ring":4,"minecraft:leave_game":10,"minecraft:time_since_death":224256,"minecraft:climb_one_cm":4166,"minecraft:sprint_one_cm":435923,"minecraft:walk_one_cm":588154,"minecraft:damage_blocked_by_shield":1214,"minecraft:drop":125,"minecraft:play_time":288720,"minecraft:deaths":7,"minecraft:sneak_time":2618,"minecraft:walk_under_water_one_cm":30318,"minecraft:jump":2962,"minecraft:interact_with_blast_furnace":16,"minecraft:walk_on_water_one_cm":43767,"minecraft:total_world_time":288720,"minecraft:interact_with_furnace":17,"tombstone:raider_killed":2,"minecraft:sleep_in_bed":1,"minecraft:time_since_rest":152474,"minecraft:damage_taken":5043,"minecraft:damage_dealt":10601,"minecraft:swim_one_cm":39007,"minecraft:player_kills":1,"minecraft:fly_one_cm":513102,"minecraft:open_chest":33,"minecraft:crouch_one_cm":3121,"tombstone:undead_killed":24,"tombstone:villager_killed":1,"minecraft:interact_with_smoker":3,"minecraft:fall_one_cm":94084,"minecraft:horse_one_cm":399741}},"DataVersion":3465}