{"stats":{"minecraft:mined":{"minecraft:white_bed":1,"alexsmobs:leafcutter_anthill":1,"minecraft:obsidian":12,"minecraft:granite":8,"minecraft:grass_block":2,"minecraft:iron_ore":41,"minecraft:pumpkin":2,"minecraft:deepslate_lapis_ore":6,"minecraft:pointed_dripstone":10,"expore:exp_ore":31,"minecraft:red_bed":2,"minecraft:smoker":1,"minecraft:torch":5,"minecraft:polished_andesite_stairs":2,"expore:deepslate_exp_ore":52,"minecraft:poppy":1,"minecraft:cobblestone":35,"minecraft:oak_planks":1,"minecraft:wall_torch":3,"minecraft:seagrass":1,"minecraft:birch_log":7,"evilcraft:dark_ore_deepslate":2,"minecraft:lilac":2,"minecraft:light_gray_wool":10,"minecraft:grass":42,"minecraft:oak_log":55,"minecraft:sand":16,"minecraft:oak_leaves":1,"minecraft:deepslate":245,"minecraft:suspicious_gravel":1,"minecraft:tuff":10,"rpgsmw:miphrildeepslateore":2,"minecraft:mossy_cobblestone":1,"minecraft:deepslate_diamond_ore":19,"minecraft:dark_oak_log":4,"minecraft:glow_lichen":1,"alexsmobs:leafcutter_ant_chamber":3,"minecraft:hay_block":50,"minecraft:furnace":3,"minecraft:andesite":3,"evilcraft:dark_ore":4,"minecraft:peony":1,"minecraft:bookshelf":8,"minecraft:deepslate_iron_ore":33,"minecraft:stripped_oak_log":7,"minecraft:stone":211,"minecraft:glass_pane":1,"minecraft:dandelion":1,"minecraft:crafting_table":6,"minecraft:tall_grass":5,"minecraft:copper_ore":3,"minecraft:deepslate_gold_ore":27,"minecraft:diorite":31,"rpgsmw:mineral_ore":4,"gobber2:gobber2_lucky_block_deepslate":4,"minecraft:coal_ore":22,"minecraft:zombie_head":1,"minecraft:gravel":13,"minecraft:dripstone_block":12,"minecraft:polished_andesite":1,"minecraft:fern":7,"paraglider:goddess_statue":1},"minecraft:broken":{"minecraft:stone_pickaxe":1,"minecraft:wooden_axe":2,"warhammersmod:hammer_iron":1,"minecraft:wooden_pickaxe":1,"minecraft:iron_pickaxe":1},"minecraft:dropped":{"minecraft:iron_sword":1,"minecraft:moss_block":4,"minecraft:diamond":2,"minecraft:crafting_table":2,"minecraft:cooked_porkchop":1,"minecraft:leather":1,"minecraft:rail":14,"minecraft:leather_helmet":1,"minecraft:dirt":2,"minecraft:bone":8,"minecraft:gravel":9,"minecraft:cobbled_deepslate":233,"rpgsmw:assassin_diamond_armour_chestplate":1,"minecraft:pointed_dripstone":28,"minecraft:rotten_flesh":16,"minecraft:oak_planks":32,"rpgsmw:iron_rifle":1,"minecraft:azalea":4,"minecraft:glass":3,"minecraft:bread":65,"minecraft:wheat_seeds":20,"minecraft:golden_helmet":1,"minecraft:lilac":2,"minecraft:mossy_cobblestone":1,"minecraft:dripstone_block":7,"minecraft:feather":4,"minecraft:cobblestone":193,"rpgsmw:stone_greatsword":1,"minecraft:granite":10,"minecraft:polished_andesite":1,"minecraft:stick":11,"spartanshields:golden_tower_shield":2,"minecraft:diorite":25,"minecraft:torch":5,"tombstone:grave_key":2,"minecraft:wooden_axe":1,"tombstone:grave_dust":5,"minecraft:pumpkin":2,"rpgsmw:assassin_diamond_armour_helmet":1,"minecraft:string":11,"minecraft:moss_carpet":1,"rpgsmw:assassin_diamond_armour_leggings":1,"alexsmobs:maggot":1,"minecraft:sweet_berries":2,"rpgsmw:iron_scythe":2,"minecraft:stone_sword":1,"minecraft:raw_copper":8,"minecraft:tuff":9,"minecraft:light_gray_wool":2,"warhammersmod:hammer_iron":1,"minecraft:diamond_chestplate":1,"minecraft:peony":1,"minecraft:andesite":5,"minecraft:spider_eye":1,"minecraft:bamboo":3,"minecraft:stone_pickaxe":1,"minecraft:wooden_pickaxe":1},"minecraft:used":{"minecraft:moss_carpet":3,"gobber2:gobber2_gooey_bread":2,"minecraft:shield":34,"minecraft:iron_sword":4,"minecraft:big_dripleaf":4,"minecraft:polished_andesite_stairs":2,"minecraft:hay_block":3,"minecraft:furnace":3,"minecraft:egg":4,"alexsmobs:raw_catfish":1,"minecraft:diorite":4,"minecraft:stone_pickaxe":258,"minecraft:oak_planks":65,"minecraft:wooden_pickaxe":121,"minecraft:golden_apple":1,"minecraft:oak_leaves":1,"minecraft:glow_berries":8,"minecraft:sand":1,"minecraft:dripstone_block":5,"minecraft:bread":16,"minecraft:melon_slice":5,"minecraft:gravel":7,"rpgsmw:diamond_knife":52,"minecraft:chest_minecart":1,"alexsmobs:leafcutter_ant_chamber":1,"rpgsmw:stone_greatsword":9,"minecraft:stone_sword":90,"rpgsmw:iron_scythe":64,"spartanshields:obsidian_basic_shield":9,"minecraft:cooked_salmon":10,"minecraft:cooked_chicken":2,"minecraft:torch":125,"minecraft:dirt":1,"warhammersmod:hammer_iron":134,"mowziesmobs:glowing_jelly":1,"minecraft:wooden_axe":100,"minecraft:dark_oak_planks":8,"evilcraft:flesh_humanoid":1,"rpgsmw:diamond_battle_axe":46,"minecraft:beef":11,"tombstone:gift":5,"minecraft:cooked_beef":23,"minecraft:cobbled_deepslate":3,"minecraft:cooked_mutton":3,"minecraft:water_bucket":28,"alexsmobs:cooked_catfish":3,"minecraft:birch_planks":24,"minecraft:polished_andesite":1,"spartanshields:golden_basic_shield":17,"minecraft:salmon":2,"minecraft:rail":2,"minecraft:crafting_table":9,"minecraft:red_bed":1,"minecraft:smoker":1,"tombstone:bag_of_seeds":2,"alexsmobs:flying_fish":1,"minecraft:diamond_pickaxe":275,"minecraft:apple":2,"minecraft:chicken":2,"minecraft:iron_pickaxe":249,"tombstone:magic_scroll":2,"minecraft:stone_axe":74,"minecraft:cobblestone":22,"travelersbackpack:standard":2,"minecraft:porkchop":4,"minecraft:cooked_porkchop":3,"minecraft:bucket":29,"minecraft:pumpkin_pie":2,"alexsmobs:animal_dictionary":1,"minecraft:dandelion":1},"minecraft:picked_up":{"minecraft:enchanted_book":1,"minecraft:string":22,"minecraft:raw_copper":8,"minecraft:zombie_head":1,"minecraft:cobbled_deepslate":237,"rpgsmw:rawmiphrilignot":2,"minecraft:azalea":4,"minecraft:melon_slice":5,"alexsmobs:leafcutter_ant_chamber":1,"minecraft:furnace":3,"minecraft:stick":4,"improvableskills:parchment_fragment":1,"minecraft:big_dripleaf":4,"minecraft:torch":33,"minecraft:porkchop":7,"tombstone:grave_dust":8,"minecraft:pointed_dripstone":28,"minecraft:diorite":29,"minecraft:rotten_flesh":43,"rpgsmw:iron_rifle":1,"minecraft:obsidian":9,"alexsmobs:flying_fish":1,"minecraft:cobblestone":213,"minecraft:birch_log":7,"minecraft:cooked_beef":24,"minecraft:feather":4,"minecraft:lilac":2,"minecraft:andesite":3,"minecraft:smoker":1,"minecraft:tuff":9,"rpgsmw:assassin_diamond_armour_helmet":1,"minecraft:lapis_lazuli":56,"minecraft:dirt":3,"minecraft:bone":21,"minecraft:glass":2,"minecraft:bow":1,"gobber2:gobber2_gooey_beef":2,"minecraft:wheat_seeds":19,"minecraft:raw_gold":27,"rpgsmw:assassin_diamond_armour_leggings":1,"minecraft:bamboo":3,"minecraft:moss_block":4,"minecraft:oak_planks":32,"gobber2:gobber2_gooey_bread":2,"minecraft:cooked_porkchop":4,"rpgsmw:assassin_diamond_armour_chestplate":1,"minecraft:sand":16,"minecraft:ink_sac":14,"minecraft:dark_oak_log":4,"minecraft:mossy_cobblestone":1,"minecraft:bundle":2,"minecraft:polished_andesite":2,"minecraft:diamond":19,"rpgsmw:rangal":3,"minecraft:granite":10,"minecraft:emerald":3,"minecraft:bread":1,"alexsmobs:maggot":1,"minecraft:oak_leaves":1,"minecraft:charcoal":2,"minecraft:crafting_table":7,"minecraft:chicken":2,"minecraft:clay_ball":16,"minecraft:chest_minecart":1,"warhammersmod:hammer_iron":1,"minecraft:wooden_pickaxe":1,"mowziesmobs:glowing_jelly":1,"minecraft:red_bed":2,"alexsmobs:cooked_catfish":3,"minecraft:moss_carpet":4,"travelersbackpack:pig":1,"spartanshields:golden_tower_shield":1,"minecraft:beef":42,"minecraft:light_gray_wool":9,"minecraft:birch_sapling":1,"minecraft:egg":4,"minecraft:raw_iron":73,"minecraft:arrow":29,"rpgsmw:iron_scythe":2,"minecraft:peony":1,"minecraft:hay_block":48,"minecraft:saddle":1,"minecraft:glow_berries":6,"minecraft:mutton":3,"minecraft:rail":14,"minecraft:white_wool":2,"minecraft:stripped_oak_log":7,"minecraft:salmon":2,"minecraft:leather":24,"minecraft:oak_log":52,"tombstone:gift":1,"minecraft:cooked_mutton":3,"minecraft:apple":2,"minecraft:iron_ingot":10,"minecraft:cooked_chicken":2,"tombstone:bag_of_seeds":1,"minecraft:iron_sword":2,"minecraft:book":21,"minecraft:polished_andesite_stairs":2,"minecraft:pumpkin":2,"minecraft:sweet_berries":2,"minecraft:dandelion":1,"minecraft:gravel":16,"minecraft:dripstone_block":12,"minecraft:white_bed":1,"minecraft:spider_eye":1,"alexsmobs:raw_catfish":4,"evilcraft:dark_gem":25,"tombstone:magic_scroll":3,"minecraft:coal":66},"minecraft:killed":{"minecraft:cave_spider":3,"minecraft:spider":8,"minecraft:skeleton":32,"alexsmobs:orca":1,"minecraft:chicken":2,"minecraft:pig":3,"minecraft:salmon":2,"minecraft:sheep":2,"minecraft:pillager":5,"minecraft:zombie":53,"alexsmobs:terrapin":1,"alexsmobs:fly":1,"minecraft:cow":21,"alexsmobs:raccoon":1,"minecraft:vindicator":1,"alexsmobs:flying_fish":1,"minecraft:squid":4,"alexsmobs:catfish":2,"alexsmobs:giant_squid":1,"minecraft:villager":1},"minecraft:crafted":{"minecraft:black_dye":17,"minecraft:oak_planks":236,"spartanshields:wooden_tower_shield":1,"minecraft:glass":13,"minecraft:iron_boots":1,"rpgsmw:assassin_diamond_armour_leggings":1,"minecraft:chest":1,"rpgsmw:black_fabric":24,"rpgsmw:woodenfiber":2,"minecraft:black_wool":10,"travelersbackpack:coal":1,"minecraft:diamond_axe":2,"minecraft:crafting_table":4,"minecraft:wooden_pickaxe":2,"rpgsmw:assassin_diamond_armour_chestplate":1,"travelersbackpack:standard":1,"rpgsmw:assassin_diamond_armour_helmet":1,"rpgsmw:stone_greatsword":1,"minecraft:birch_planks":28,"minecraft:diamond_pickaxe":1,"minecraft:shield":1,"minecraft:stick":96,"minecraft:leather_chestplate":1,"minecraft:iron_ingot":70,"minecraft:iron_pickaxe":1,"minecraft:stone_sword":2,"minecraft:gold_ingot":26,"spartanshields:wooden_basic_shield":3,"spartanshields:golden_tower_shield":1,"rpgsmw:iron_scythe":1,"spartanshields:golden_basic_shield":1,"minecraft:furnace":1,"minecraft:bone_meal":15,"warhammersmod:hammer_iron":1,"travelersbackpack:white_sleeping_bag":1,"minecraft:stone_pickaxe":2,"minecraft:dark_oak_planks":16,"minecraft:golden_helmet":1,"rpgsmw:diamond_battle_axe":1,"minecraft:wheat":405,"travelersbackpack:backpack_tank":2,"minecraft:leather_helmet":1,"minecraft:bucket":1,"spartanshields:obsidian_basic_shield":1,"minecraft:stone_axe":1,"rpgsmw:rainforcedstick":3,"minecraft:bread":135,"minecraft:air":0,"rpgsmw:diamond_knife":1,"minecraft:wooden_axe":4,"minecraft:iron_leggings":1,"minecraft:torch":100,"minecraft:diamond_chestplate":1},"minecraft:custom":{"minecraft:interact_with_crafting_table":95,"minecraft:bell_ring":4,"minecraft:leave_game":11,"minecraft:time_since_death":317243,"minecraft:sprint_one_cm":584456,"minecraft:damage_blocked_by_shield":1879,"minecraft:drop":162,"minecraft:talked_to_villager":4,"minecraft:play_time":381707,"minecraft:deaths":7,"minecraft:jump":3891,"minecraft:walk_on_water_one_cm":78511,"minecraft:enchant_item":4,"minecraft:interact_with_furnace":17,"minecraft:interact_with_loom":1,"minecraft:sleep_in_bed":1,"minecraft:damage_dealt":25350,"minecraft:player_kills":1,"minecraft:crouch_one_cm":3121,"tombstone:undead_killed":85,"tombstone:villager_killed":1,"minecraft:interact_with_smoker":3,"minecraft:horse_one_cm":399741,"minecraft:mob_kills":149,"minecraft:interact_with_campfire":34,"minecraft:climb_one_cm":8586,"minecraft:walk_one_cm":794196,"minecraft:sneak_time":2618,"minecraft:walk_under_water_one_cm":84080,"minecraft:interact_with_blast_furnace":19,"minecraft:total_world_time":381707,"spartanshields:shield_bash_hits":1,"tombstone:raider_killed":6,"minecraft:interact_with_stonecutter":1,"minecraft:time_since_rest":245461,"minecraft:damage_absorbed":40,"minecraft:damage_taken":6658,"minecraft:swim_one_cm":135828,"minecraft:fly_one_cm":717370,"minecraft:open_chest":77,"minecraft:fall_one_cm":111011}},"DataVersion":3465}