{"stats":{"minecraft:custom":{"minecraft:mob_kills":34,"minecraft:interact_with_crafting_table":21,"minecraft:interact_with_campfire":19,"minecraft:bell_ring":3,"minecraft:leave_game":5,"minecraft:time_since_death":83461,"minecraft:climb_one_cm":4166,"minecraft:sprint_one_cm":276142,"minecraft:walk_one_cm":291899,"minecraft:damage_blocked_by_shield":140,"minecraft:drop":41,"minecraft:play_time":147925,"minecraft:deaths":7,"minecraft:sneak_time":2068,"minecraft:walk_under_water_one_cm":23712,"minecraft:jump":1627,"minecraft:walk_on_water_one_cm":24044,"minecraft:total_world_time":147925,"minecraft:interact_with_furnace":7,"tombstone:raider_killed":2,"minecraft:sleep_in_bed":1,"minecraft:time_since_rest":11679,"minecraft:damage_taken":3363,"minecraft:damage_dealt":4824,"minecraft:swim_one_cm":37255,"minecraft:player_kills":1,"minecraft:fly_one_cm":350467,"minecraft:open_chest":14,"minecraft:crouch_one_cm":2989,"tombstone:undead_killed":5,"minecraft:interact_with_smoker":3,"minecraft:fall_one_cm":49367,"minecraft:horse_one_cm":399724},"minecraft:crafted":{"minecraft:oak_planks":172,"minecraft:glass":6,"minecraft:stone_pickaxe":2,"minecraft:dark_oak_planks":16,"minecraft:wheat":405,"minecraft:crafting_table":2,"minecraft:wooden_pickaxe":2,"minecraft:leather_helmet":1,"minecraft:birch_planks":28,"minecraft:stone_axe":1,"minecraft:bread":135,"minecraft:air":0,"minecraft:shield":1,"minecraft:stick":44,"minecraft:leather_chestplate":1,"minecraft:iron_pickaxe":1,"minecraft:wooden_axe":4,"minecraft:stone_sword":1,"minecraft:torch":40},"minecraft:dropped":{"minecraft:bread":65,"minecraft:wheat_seeds":4,"minecraft:lilac":2,"minecraft:crafting_table":2,"minecraft:feather":4,"minecraft:cobblestone":2,"minecraft:leather":1,"minecraft:torch":1,"tombstone:grave_key":2,"minecraft:wooden_axe":1,"tombstone:grave_dust":1,"minecraft:pointed_dripstone":14,"minecraft:rotten_flesh":7,"minecraft:peony":1,"minecraft:andesite":1,"minecraft:bamboo":3,"minecraft:wooden_pickaxe":1},"minecraft:mined":{"minecraft:white_bed":1,"alexsmobs:leafcutter_anthill":1,"minecraft:dark_oak_log":4,"minecraft:grass_block":2,"alexsmobs:leafcutter_ant_chamber":3,"minecraft:hay_block":49,"minecraft:furnace":2,"minecraft:andesite":1,"minecraft:pumpkin":2,"minecraft:peony":1,"minecraft:pointed_dripstone":5,"minecraft:stripped_oak_log":1,"minecraft:stone":18,"expore:exp_ore":6,"minecraft:red_bed":2,"minecraft:smoker":1,"minecraft:dandelion":1,"minecraft:crafting_table":5,"minecraft:torch":5,"minecraft:poppy":1,"minecraft:copper_ore":1,"minecraft:cobblestone":16,"minecraft:tall_grass":4,"minecraft:diorite":2,"minecraft:wall_torch":2,"minecraft:seagrass":1,"minecraft:birch_log":7,"minecraft:lilac":2,"minecraft:grass":42,"minecraft:coal_ore":10,"minecraft:oak_log":42,"minecraft:sand":16,"minecraft:dripstone_block":5,"minecraft:oak_leaves":1,"minecraft:fern":7,"paraglider:goddess_statue":1},"minecraft:used":{"minecraft:stone_sword":43,"minecraft:shield":5,"minecraft:cooked_salmon":1,"minecraft:cooked_chicken":2,"minecraft:torch":18,"minecraft:dirt":1,"mowziesmobs:glowing_jelly":1,"minecraft:wooden_axe":100,"minecraft:dark_oak_planks":8,"evilcraft:flesh_humanoid":1,"minecraft:hay_block":3,"minecraft:furnace":1,"tombstone:gift":1,"minecraft:egg":4,"minecraft:cooked_beef":4,"minecraft:diorite":3,"minecraft:birch_planks":24,"minecraft:stone_pickaxe":13,"minecraft:oak_planks":45,"minecraft:wooden_pickaxe":121,"minecraft:oak_leaves":1,"minecraft:salmon":2,"minecraft:sand":1,"minecraft:crafting_table":5,"minecraft:red_bed":1,"minecraft:dripstone_block":5,"minecraft:smoker":1,"minecraft:apple":2,"minecraft:melon_slice":5,"minecraft:chicken":2,"minecraft:bread":16,"minecraft:iron_pickaxe":8,"minecraft:stone_axe":13,"minecraft:cobblestone":14,"minecraft:pumpkin_pie":2,"alexsmobs:animal_dictionary":1,"alexsmobs:leafcutter_ant_chamber":1,"minecraft:dandelion":1},"minecraft:picked_up":{"minecraft:charcoal":2,"minecraft:crafting_table":6,"minecraft:chicken":2,"minecraft:wooden_pickaxe":1,"mowziesmobs:glowing_jelly":1,"minecraft:red_bed":2,"minecraft:beef":33,"minecraft:melon_slice":5,"minecraft:birch_sapling":1,"minecraft:furnace":2,"alexsmobs:leafcutter_ant_chamber":1,"minecraft:egg":4,"minecraft:stick":1,"minecraft:torch":15,"minecraft:porkchop":4,"minecraft:pointed_dripstone":14,"minecraft:diorite":3,"minecraft:arrow":4,"minecraft:rotten_flesh":7,"minecraft:peony":1,"minecraft:hay_block":48,"minecraft:saddle":1,"minecraft:mutton":3,"minecraft:cobblestone":34,"minecraft:white_wool":2,"minecraft:stripped_oak_log":1,"minecraft:birch_log":7,"minecraft:cooked_beef":14,"minecraft:feather":4,"minecraft:lilac":2,"minecraft:andesite":1,"minecraft:salmon":2,"minecraft:leather":14,"minecraft:smoker":1,"minecraft:oak_log":42,"minecraft:dirt":1,"minecraft:cooked_mutton":3,"minecraft:apple":2,"minecraft:wheat_seeds":4,"minecraft:cooked_chicken":2,"minecraft:bamboo":3,"minecraft:cooked_porkchop":4,"minecraft:pumpkin":2,"minecraft:dandelion":1,"minecraft:dripstone_block":5,"minecraft:sand":16,"minecraft:white_bed":1,"minecraft:dark_oak_log":4,"minecraft:bread":1,"minecraft:emerald":1,"minecraft:coal":10,"minecraft:oak_leaves":1},"minecraft:killed":{"alexsmobs:raccoon":1,"minecraft:spider":1,"minecraft:skeleton":1,"minecraft:chicken":2,"minecraft:pig":2,"minecraft:salmon":2,"minecraft:sheep":2,"minecraft:pillager":2,"minecraft:zombie":4,"minecraft:cow":17},"minecraft:broken":{"minecraft:wooden_pickaxe":1,"minecraft:wooden_axe":2}},"DataVersion":3465}