{"stats":{"minecraft:killed":{"alexsmobs:raccoon":1,"minecraft:spider":5,"minecraft:vindicator":3,"alexsmobs:gorilla":1,"minecraft:skeleton":14,"minecraft:chicken":5,"minecraft:drowned":1,"minecraft:pig":3,"minecraft:zombie_villager":1,"minecraft:creeper":2,"minecraft:sheep":7,"mowziesmobs:lantern":1,"minecraft:pillager":4,"minecraft:zombie":14,"minecraft:cow":12},"minecraft:picked_up":{"minecraft:cocoa_beans":12,"minecraft:crafting_table":4,"minecraft:coarse_dirt":2,"minecraft:chicken":6,"minecraft:cooked_rabbit":1,"evilcraft:ender_tear":1,"minecraft:cornflower":1,"minecraft:string":5,"minecraft:moss_carpet":1,"spartanshields:golden_tower_shield":1,"rpgsmw:stone_greatsword":1,"minecraft:cobbled_deepslate":480,"travelersbackpack:enderman":3,"minecraft:beef":31,"minecraft:melon_slice":70,"minecraft:sugar_cane":20,"minecraft:birch_sapling":4,"minecraft:egg":5,"minecraft:stick":4,"minecraft:raw_iron":21,"minecraft:torch":33,"minecraft:porkchop":4,"minecraft:pointed_dripstone":5,"tombstone:grave_dust":6,"rpgsmw:iron_greatsword":1,"minecraft:redstone":17,"minecraft:arrow":23,"minecraft:rotten_flesh":24,"minecraft:hay_block":64,"rpgsmw:iron_rifle":1,"minecraft:saddle":1,"minecraft:mutton":10,"minecraft:skeleton_skull":1,"minecraft:white_wool":3,"minecraft:cobblestone":127,"minecraft:oxeye_daisy":1,"minecraft:birch_log":64,"minecraft:feather":3,"minecraft:cooked_beef":7,"gobber2:gobber2_gooey_beefstew":2,"minecraft:andesite":18,"minecraft:leather":15,"minecraft:flint":2,"minecraft:tuff":8,"minecraft:oak_log":133,"minecraft:gunpowder":4,"minecraft:dirt":84,"minecraft:lantern":1,"minecraft:white_banner":1,"minecraft:cooked_mutton":2,"minecraft:bone":27,"minecraft:apple":1,"minecraft:bow":1,"gobber2:gobber2_gooey_beef":5,"minecraft:wheat_seeds":11,"minecraft:raw_gold":20,"alexsmobs:cockroach_wing_fragment":1,"minecraft:iron_ingot":5,"minecraft:stone_pickaxe":1,"minecraft:cooked_chicken":5,"rpgsmw:stone_battle_axe":1,"gobber2:gobber2_globette":5,"tombstone:bag_of_seeds":1,"minecraft:mossy_stone_bricks":1,"minecraft:bamboo":19,"minecraft:acacia_sapling":1,"minecraft:oak_planks":24,"gobber2:gobber2_gooey_bread":3,"minecraft:book":72,"minecraft:pumpkin":1,"minecraft:dandelion":1,"minecraft:dripstone_block":6,"minecraft:gravel":8,"minecraft:sand":1,"minecraft:blast_furnace":1,"minecraft:ink_sac":3,"minecraft:grass_block":1,"minecraft:spider_eye":1,"minecraft:dark_oak_log":3,"minecraft:diamond":6,"evilcraft:dark_gem":17,"minecraft:crossbow":1,"minecraft:granite":9,"minecraft:emerald":7,"minecraft:bread":6,"tombstone:magic_scroll":2,"minecraft:oak_sapling":4,"minecraft:black_wool":2,"gobber2:gobber2_goo":3,"minecraft:coal":74,"minecraft:ender_pearl":1},"minecraft:dropped":{"minecraft:water_bucket":1,"minecraft:iron_ingot":7,"minecraft:wheat_seeds":2,"rpgsmw:stone_greatsword":2,"minecraft:leather":10,"minecraft:saddle":1,"minecraft:emerald":3,"spartanshields:golden_tower_shield":1,"tombstone:magic_scroll":1,"minecraft:torch":4,"minecraft:mutton":4,"minecraft:melon_slice":3,"rpgsmw:class_choose_orb":1,"minecraft:sand":1,"minecraft:birch_log":1,"minecraft:bone":16,"rpgsmw:stone_battle_axe":1,"minecraft:cooked_chicken":2,"minecraft:coarse_dirt":1,"minecraft:rotten_flesh":1,"minecraft:oak_planks":13,"rpgsmw:class_remove_orb":1,"rpgsmw:iron_rifle":1,"minecraft:filled_map":1,"alexsmobs:cockroach_wing_fragment":1,"rpgsmw:iron_greatsword":1,"minecraft:wooden_pickaxe":1,"minecraft:beef":5,"minecraft:stone_pickaxe":1},"minecraft:crafted":{"minecraft:oak_planks":202,"minecraft:redstone":4,"minecraft:birch_boat":2,"spartanshields:wooden_tower_shield":2,"minecraft:furnace":1,"easy_hammers:stone_hammer":1,"spartanshields:stone_tower_shield":1,"minecraft:flint_and_steel":2,"rpgsmw:iron_greatsword":1,"minecraft:bow":1,"minecraft:stone_pickaxe":1,"minecraft:chest":6,"minecraft:oak_button":1,"rpgsmw:woodenfiber":10,"rpgsmw:fabric":1,"paraglider:paraglider":1,"minecraft:wooden_shovel":1,"minecraft:crafting_table":12,"rpgsmw:stone_spear":1,"minecraft:wooden_pickaxe":2,"rpgsmw:stone_greatsword":2,"minecraft:pumpkin_seeds":4,"minecraft:birch_planks":76,"minecraft:campfire":1,"minecraft:air":0,"warhammersmod:hammer_wood":1,"rpgsmw:stone_knife":1,"rpgsmw:iron_rifle":1,"minecraft:diamond_pickaxe":1,"minecraft:stick":140,"torchbowmod:torchbow":1,"minecraft:iron_ingot":22,"minecraft:compass":1,"minecraft:iron_pickaxe":1,"minecraft:stone_sword":2,"minecraft:torch":144},"minecraft:custom":{"minecraft:interact_with_smithing_table":2,"minecraft:interact_with_anvil":1,"minecraft:mob_kills":83,"minecraft:interact_with_crafting_table":76,"minecraft:open_barrel":1,"minecraft:interact_with_campfire":7,"minecraft:leave_game":7,"minecraft:time_since_death":239082,"minecraft:climb_one_cm":8156,"minecraft:damage_resisted":924,"minecraft:sprint_one_cm":669818,"minecraft:walk_one_cm":785239,"minecraft:drop":51,"minecraft:talked_to_villager":12,"minecraft:raid_win":1,"minecraft:play_time":360101,"minecraft:sneak_time":9668,"minecraft:deaths":5,"minecraft:walk_under_water_one_cm":17411,"minecraft:boat_one_cm":5827,"minecraft:jump":3854,"minecraft:interact_with_blast_furnace":9,"minecraft:walk_on_water_one_cm":54983,"minecraft:total_world_time":360101,"minecraft:interact_with_furnace":14,"tombstone:raider_killed":7,"minecraft:traded_with_villager":2,"minecraft:sleep_in_bed":5,"minecraft:time_since_rest":94665,"minecraft:damage_taken":6732,"minecraft:damage_dealt":11700,"minecraft:swim_one_cm":34454,"minecraft:fly_one_cm":721049,"minecraft:open_chest":112,"minecraft:crouch_one_cm":23840,"tombstone:undead_killed":30,"minecraft:interact_with_smoker":4,"minecraft:fall_one_cm":88777,"minecraft:horse_one_cm":724333},"minecraft:broken":{"rpgsmw:stone_greatsword":1,"minecraft:iron_axe":1,"minecraft:iron_pickaxe":1},"minecraft:mined":{"minecraft:tuff":3,"minecraft:deepslate_diamond_ore":4,"minecraft:glow_lichen":1,"minecraft:granite":9,"minecraft:grass_block":15,"gobber2:gobber2_ore_deepslate":3,"gobber2:gobber2_lucky_block":4,"minecraft:hay_block":63,"minecraft:fire":1,"minecraft:iron_ore":13,"minecraft:andesite":18,"minecraft:pumpkin":1,"minecraft:moss_carpet":1,"evilcraft:dark_ore":2,"minecraft:bookshelf":24,"minecraft:pointed_dripstone":1,"minecraft:deepslate_iron_ore":8,"minecraft:lantern":1,"minecraft:bamboo":1,"minecraft:stone":126,"minecraft:deepslate_redstone_ore":4,"minecraft:glass_pane":1,"expore:exp_ore":14,"minecraft:crafting_table":5,"minecraft:cornflower":1,"minecraft:torch":2,"minecraft:blast_furnace":1,"expore:deepslate_exp_ore":19,"minecraft:melon":7,"minecraft:tall_grass":2,"minecraft:deepslate_gold_ore":16,"minecraft:sugar_cane":13,"minecraft:wall_torch":3,"minecraft:coarse_dirt":1,"evilcraft:dark_ore_deepslate":2,"minecraft:birch_log":64,"minecraft:birch_leaves":15,"gobber2:gobber2_lucky_block_deepslate":9,"minecraft:grass":25,"minecraft:oak_log":132,"minecraft:coal_ore":75,"minecraft:cocoa":4,"minecraft:gravel":10,"minecraft:dripstone_block":5,"minecraft:dirt":21,"minecraft:cobweb":2,"minecraft:gold_ore":4,"travelersbackpack:enderman":2,"minecraft:mossy_stone_bricks":1,"minecraft:oak_leaves":19,"minecraft:deepslate":122,"minecraft:fern":5},"minecraft:used":{"rpgsmw:stone_greatsword":172,"minecraft:stone_sword":40,"minecraft:flint_and_steel":1,"minecraft:chest":6,"easy_hammers:stone_hammer":51,"minecraft:cooked_chicken":1,"minecraft:wooden_shovel":3,"minecraft:rotten_flesh":6,"minecraft:torch":185,"minecraft:dirt":21,"rpgsmw:diamond_rifle":3,"alexsmobs:spawn_egg_platypus":1,"minecraft:lantern":1,"rpgsmw:nephris_battle_glove":2,"minecraft:iron_axe":136,"rpgsmw:iron_greatsword":50,"minecraft:bamboo":1,"minecraft:beef":3,"minecraft:hay_block":3,"minecraft:furnace":1,"rpgsmw:stone_battle_axe":78,"tombstone:gift":2,"minecraft:egg":1,"minecraft:cooked_beef":7,"travelersbackpack:enderman":9,"minecraft:pointed_dripstone":1,"minecraft:cooked_mutton":2,"minecraft:mossy_stone_bricks":1,"minecraft:birch_planks":4,"minecraft:stone_pickaxe":116,"minecraft:oak_planks":44,"rpgsmw:stone_spear":14,"minecraft:wooden_pickaxe":52,"minecraft:birch_boat":2,"rpgsmw:stone_knife":19,"warhammersmod:hammer_wood":11,"minecraft:crafting_table":16,"minecraft:blast_furnace":1,"minecraft:campfire":1,"minecraft:crossbow":3,"tombstone:bag_of_seeds":2,"minecraft:cornflower":1,"minecraft:chicken":2,"minecraft:bread":48,"minecraft:melon_slice":63,"minecraft:iron_pickaxe":264,"torchbowmod:torchbow":4,"minecraft:gravel":8,"minecraft:cobblestone":30,"minecraft:cooked_rabbit":13,"minecraft:bucket":1}},"DataVersion":3465}