{"stats":{"minecraft:crafted":{"minecraft:oak_planks":112,"minecraft:redstone":4,"minecraft:birch_boat":2,"spartanshields:wooden_tower_shield":1,"minecraft:stone_pickaxe":1,"minecraft:chest":3,"minecraft:oak_button":1,"rpgsmw:woodenfiber":10,"minecraft:wooden_shovel":1,"minecraft:crafting_table":9,"rpgsmw:stone_spear":1,"minecraft:wooden_pickaxe":2,"rpgsmw:stone_greatsword":2,"minecraft:birch_planks":76,"minecraft:pumpkin_seeds":4,"minecraft:campfire":1,"rpgsmw:stone_knife":1,"minecraft:stick":72,"minecraft:stone_sword":2,"minecraft:torch":20},"minecraft:custom":{"minecraft:interact_with_smithing_table":2,"minecraft:mob_kills":55,"minecraft:interact_with_anvil":1,"minecraft:interact_with_crafting_table":38,"minecraft:open_barrel":1,"minecraft:interact_with_campfire":7,"minecraft:leave_game":4,"minecraft:time_since_death":147864,"minecraft:climb_one_cm":7875,"minecraft:damage_resisted":310,"minecraft:sprint_one_cm":503208,"minecraft:walk_one_cm":616663,"minecraft:drop":33,"minecraft:talked_to_villager":12,"minecraft:raid_win":1,"minecraft:play_time":268883,"minecraft:deaths":5,"minecraft:sneak_time":7231,"minecraft:walk_under_water_one_cm":11810,"minecraft:boat_one_cm":5827,"minecraft:jump":2817,"minecraft:interact_with_blast_furnace":1,"minecraft:walk_on_water_one_cm":36056,"minecraft:total_world_time":268883,"minecraft:interact_with_furnace":6,"tombstone:raider_killed":7,"minecraft:traded_with_villager":2,"minecraft:sleep_in_bed":5,"minecraft:time_since_rest":3447,"minecraft:damage_taken":5336,"minecraft:damage_dealt":7882,"minecraft:swim_one_cm":13435,"minecraft:fly_one_cm":546285,"minecraft:open_chest":25,"minecraft:crouch_one_cm":19077,"tombstone:undead_killed":20,"minecraft:interact_with_smoker":4,"minecraft:fall_one_cm":63297,"minecraft:horse_one_cm":636820},"minecraft:dropped":{"minecraft:water_bucket":1,"minecraft:wheat_seeds":2,"rpgsmw:stone_greatsword":2,"minecraft:saddle":1,"minecraft:emerald":3,"minecraft:torch":2,"minecraft:mutton":4,"minecraft:melon_slice":3,"rpgsmw:class_choose_orb":1,"minecraft:sand":1,"minecraft:birch_log":1,"minecraft:bone":16,"rpgsmw:stone_battle_axe":1,"minecraft:cooked_chicken":2,"minecraft:coarse_dirt":1,"minecraft:oak_planks":12,"rpgsmw:class_remove_orb":1,"minecraft:filled_map":1,"alexsmobs:cockroach_wing_fragment":1,"minecraft:wooden_pickaxe":1,"minecraft:beef":5},"minecraft:mined":{"minecraft:granite":1,"minecraft:grass_block":15,"minecraft:hay_block":63,"minecraft:andesite":3,"minecraft:moss_carpet":1,"minecraft:pumpkin":1,"evilcraft:dark_ore":2,"minecraft:bookshelf":24,"minecraft:bamboo":1,"minecraft:stone":64,"minecraft:glass_pane":1,"minecraft:crafting_table":5,"minecraft:cornflower":1,"minecraft:blast_furnace":1,"minecraft:melon":7,"minecraft:tall_grass":1,"minecraft:sugar_cane":13,"minecraft:wall_torch":2,"minecraft:coarse_dirt":1,"minecraft:birch_log":64,"minecraft:birch_leaves":15,"minecraft:grass":23,"minecraft:oak_log":132,"minecraft:coal_ore":15,"minecraft:cocoa":4,"minecraft:dirt":13,"minecraft:cobweb":2,"travelersbackpack:enderman":2,"minecraft:mossy_stone_bricks":1,"minecraft:oak_leaves":19,"minecraft:deepslate":1,"minecraft:fern":4},"minecraft:picked_up":{"minecraft:cocoa_beans":12,"minecraft:coarse_dirt":2,"minecraft:crafting_table":4,"minecraft:chicken":6,"minecraft:cooked_rabbit":1,"minecraft:cornflower":1,"minecraft:moss_carpet":1,"minecraft:string":3,"rpgsmw:stone_greatsword":1,"minecraft:cobbled_deepslate":1,"travelersbackpack:enderman":3,"minecraft:beef":11,"minecraft:melon_slice":70,"minecraft:sugar_cane":20,"minecraft:birch_sapling":4,"minecraft:egg":5,"minecraft:stick":4,"minecraft:torch":23,"minecraft:porkchop":4,"tombstone:grave_dust":2,"minecraft:pointed_dripstone":1,"minecraft:arrow":18,"minecraft:rotten_flesh":15,"minecraft:hay_block":64,"minecraft:saddle":1,"minecraft:mutton":10,"minecraft:cobblestone":65,"minecraft:skeleton_skull":1,"minecraft:white_wool":3,"minecraft:birch_log":64,"minecraft:feather":3,"minecraft:cooked_beef":7,"minecraft:andesite":3,"minecraft:leather":5,"minecraft:oak_log":133,"minecraft:gunpowder":2,"minecraft:dirt":76,"minecraft:white_banner":1,"minecraft:cooked_mutton":2,"minecraft:bone":21,"minecraft:apple":1,"minecraft:bow":1,"minecraft:wheat_seeds":10,"alexsmobs:cockroach_wing_fragment":1,"minecraft:cooked_chicken":5,"rpgsmw:stone_battle_axe":1,"tombstone:bag_of_seeds":1,"minecraft:mossy_stone_bricks":1,"minecraft:bamboo":19,"minecraft:oak_planks":24,"minecraft:acacia_sapling":1,"minecraft:book":72,"minecraft:pumpkin":1,"minecraft:sand":1,"minecraft:blast_furnace":1,"minecraft:ink_sac":3,"minecraft:dark_oak_log":3,"evilcraft:dark_gem":8,"minecraft:granite":1,"minecraft:crossbow":1,"minecraft:bread":6,"minecraft:emerald":7,"tombstone:magic_scroll":1,"minecraft:oak_sapling":4,"minecraft:black_wool":2,"minecraft:coal":14},"minecraft:used":{"rpgsmw:stone_greatsword":157,"minecraft:stone_sword":40,"minecraft:chest":3,"minecraft:wooden_shovel":3,"minecraft:cooked_chicken":1,"minecraft:rotten_flesh":6,"minecraft:torch":54,"minecraft:dirt":21,"rpgsmw:diamond_rifle":3,"alexsmobs:spawn_egg_platypus":1,"minecraft:iron_axe":136,"rpgsmw:nephris_battle_glove":2,"minecraft:bamboo":1,"minecraft:beef":3,"minecraft:hay_block":3,"rpgsmw:stone_battle_axe":78,"tombstone:gift":2,"minecraft:egg":1,"minecraft:cooked_beef":7,"travelersbackpack:enderman":9,"minecraft:pointed_dripstone":1,"minecraft:cooked_mutton":2,"minecraft:mossy_stone_bricks":1,"minecraft:birch_planks":4,"minecraft:stone_pickaxe":52,"minecraft:oak_planks":21,"rpgsmw:stone_spear":14,"minecraft:birch_boat":2,"minecraft:wooden_pickaxe":52,"rpgsmw:stone_knife":19,"minecraft:crafting_table":13,"minecraft:campfire":1,"tombstone:bag_of_seeds":2,"minecraft:cornflower":1,"minecraft:chicken":2,"minecraft:melon_slice":63,"minecraft:bread":16,"minecraft:cobblestone":14,"minecraft:cooked_rabbit":13,"minecraft:bucket":1},"minecraft:killed":{"minecraft:vindicator":3,"minecraft:spider":2,"alexsmobs:gorilla":1,"minecraft:skeleton":11,"minecraft:chicken":5,"minecraft:pig":3,"minecraft:creeper":1,"mowziesmobs:lantern":1,"minecraft:sheep":7,"minecraft:pillager":4,"minecraft:zombie":9,"minecraft:cow":3},"minecraft:broken":{"rpgsmw:stone_greatsword":1,"minecraft:iron_axe":1}},"DataVersion":3465}