{"stats":{"minecraft:crafted":{"minecraft:oak_planks":60,"minecraft:birch_boat":2,"spartanshields:wooden_tower_shield":1,"minecraft:stone_pickaxe":1,"minecraft:oak_button":1,"rpgsmw:woodenfiber":10,"minecraft:wooden_shovel":1,"minecraft:crafting_table":7,"rpgsmw:stone_spear":1,"minecraft:wooden_pickaxe":2,"rpgsmw:stone_greatsword":2,"minecraft:birch_planks":76,"minecraft:pumpkin_seeds":4,"minecraft:campfire":1,"rpgsmw:stone_knife":1,"minecraft:stick":64,"minecraft:stone_sword":2,"minecraft:torch":20},"minecraft:custom":{"minecraft:interact_with_smithing_table":2,"minecraft:mob_kills":50,"minecraft:interact_with_anvil":1,"minecraft:interact_with_crafting_table":31,"minecraft:open_barrel":1,"minecraft:interact_with_campfire":7,"minecraft:leave_game":4,"minecraft:time_since_death":111864,"minecraft:climb_one_cm":6391,"minecraft:damage_resisted":270,"minecraft:sprint_one_cm":412473,"minecraft:walk_one_cm":552360,"minecraft:drop":27,"minecraft:talked_to_villager":1,"minecraft:raid_win":1,"minecraft:play_time":232883,"minecraft:deaths":5,"minecraft:sneak_time":6958,"minecraft:walk_under_water_one_cm":9400,"minecraft:boat_one_cm":5827,"minecraft:jump":2235,"minecraft:walk_on_water_one_cm":26319,"minecraft:total_world_time":232883,"minecraft:interact_with_furnace":5,"tombstone:raider_killed":5,"minecraft:sleep_in_bed":3,"minecraft:time_since_rest":34974,"minecraft:damage_taken":5066,"minecraft:damage_dealt":7468,"minecraft:swim_one_cm":11306,"minecraft:fly_one_cm":387165,"minecraft:open_chest":15,"minecraft:crouch_one_cm":18572,"tombstone:undead_killed":17,"minecraft:interact_with_smoker":4,"minecraft:fall_one_cm":50739,"minecraft:horse_one_cm":372983},"minecraft:dropped":{"rpgsmw:stone_greatsword":2,"minecraft:saddle":1,"minecraft:emerald":3,"minecraft:torch":2,"minecraft:mutton":4,"minecraft:melon_slice":3,"rpgsmw:class_choose_orb":1,"minecraft:sand":1,"minecraft:birch_log":1,"rpgsmw:stone_battle_axe":1,"minecraft:cooked_chicken":2,"rpgsmw:class_remove_orb":1,"minecraft:filled_map":1,"alexsmobs:cockroach_wing_fragment":1,"minecraft:wooden_pickaxe":1,"minecraft:beef":5},"minecraft:mined":{"minecraft:granite":1,"minecraft:grass_block":15,"minecraft:hay_block":17,"minecraft:andesite":3,"minecraft:moss_carpet":1,"minecraft:pumpkin":1,"evilcraft:dark_ore":2,"minecraft:bookshelf":24,"minecraft:bamboo":1,"minecraft:stone":62,"minecraft:glass_pane":1,"minecraft:crafting_table":3,"minecraft:melon":5,"minecraft:tall_grass":1,"minecraft:sugar_cane":5,"minecraft:wall_torch":2,"minecraft:birch_log":56,"minecraft:birch_leaves":15,"minecraft:grass":20,"minecraft:oak_log":80,"minecraft:coal_ore":7,"minecraft:cocoa":4,"minecraft:dirt":13,"minecraft:cobweb":2,"travelersbackpack:enderman":2,"minecraft:mossy_stone_bricks":1,"minecraft:oak_leaves":19,"minecraft:deepslate":1,"minecraft:fern":4},"minecraft:picked_up":{"minecraft:cocoa_beans":12,"minecraft:crafting_table":2,"minecraft:chicken":6,"minecraft:cooked_rabbit":1,"minecraft:moss_carpet":1,"minecraft:string":3,"rpgsmw:stone_greatsword":1,"minecraft:cobbled_deepslate":1,"travelersbackpack:enderman":3,"minecraft:beef":11,"minecraft:melon_slice":59,"minecraft:sugar_cane":10,"minecraft:birch_sapling":3,"minecraft:egg":5,"minecraft:stick":4,"minecraft:torch":23,"minecraft:porkchop":4,"tombstone:grave_dust":2,"minecraft:pointed_dripstone":1,"minecraft:arrow":15,"minecraft:rotten_flesh":8,"minecraft:hay_block":17,"minecraft:saddle":1,"minecraft:mutton":10,"minecraft:cobblestone":65,"minecraft:skeleton_skull":1,"minecraft:white_wool":3,"minecraft:birch_log":56,"minecraft:feather":3,"minecraft:cooked_beef":7,"minecraft:andesite":3,"minecraft:leather":5,"minecraft:oak_log":83,"minecraft:gunpowder":2,"minecraft:dirt":76,"minecraft:white_banner":1,"minecraft:cooked_mutton":2,"minecraft:bone":12,"minecraft:bow":1,"minecraft:wheat_seeds":8,"alexsmobs:cockroach_wing_fragment":1,"minecraft:cooked_chicken":5,"rpgsmw:stone_battle_axe":1,"tombstone:bag_of_seeds":1,"minecraft:mossy_stone_bricks":1,"minecraft:bamboo":19,"minecraft:acacia_sapling":1,"minecraft:book":72,"minecraft:pumpkin":1,"minecraft:sand":1,"minecraft:ink_sac":3,"minecraft:dark_oak_log":3,"evilcraft:dark_gem":8,"minecraft:granite":1,"minecraft:crossbow":1,"minecraft:emerald":6,"tombstone:magic_scroll":1,"minecraft:oak_sapling":4,"minecraft:black_wool":2,"minecraft:coal":6},"minecraft:used":{"rpgsmw:stone_greatsword":143,"minecraft:stone_sword":40,"minecraft:wooden_shovel":3,"minecraft:cooked_chicken":1,"minecraft:rotten_flesh":6,"minecraft:torch":52,"minecraft:dirt":21,"rpgsmw:diamond_rifle":3,"alexsmobs:spawn_egg_platypus":1,"minecraft:iron_axe":73,"rpgsmw:nephris_battle_glove":2,"minecraft:bamboo":1,"minecraft:beef":3,"minecraft:hay_block":1,"rpgsmw:stone_battle_axe":78,"tombstone:gift":2,"minecraft:egg":1,"minecraft:cooked_beef":7,"travelersbackpack:enderman":7,"minecraft:pointed_dripstone":1,"minecraft:cooked_mutton":2,"minecraft:mossy_stone_bricks":1,"minecraft:stone_pickaxe":37,"minecraft:oak_planks":16,"rpgsmw:stone_spear":14,"minecraft:birch_boat":2,"minecraft:wooden_pickaxe":52,"rpgsmw:stone_knife":19,"minecraft:crafting_table":8,"minecraft:campfire":1,"tombstone:bag_of_seeds":2,"minecraft:chicken":2,"minecraft:melon_slice":41,"minecraft:bread":12,"minecraft:cobblestone":14,"minecraft:cooked_rabbit":13},"minecraft:killed":{"minecraft:vindicator":2,"minecraft:spider":2,"alexsmobs:gorilla":1,"minecraft:skeleton":11,"minecraft:chicken":5,"minecraft:pig":3,"minecraft:creeper":1,"mowziesmobs:lantern":1,"minecraft:sheep":7,"minecraft:pillager":3,"minecraft:zombie":6,"minecraft:cow":3},"minecraft:broken":{"rpgsmw:stone_greatsword":1}},"DataVersion":3465}