{"stats":{"minecraft:mined":{"minecraft:cobblestone_stairs":1,"minecraft:obsidian":1,"minecraft:granite":25,"minecraft:grass_block":21,"gobber2:gobber2_ore_deepslate":4,"gobber2:gobber2_lucky_block":9,"minecraft:hopper":1,"minecraft:spawner":6,"minecraft:mossy_cobblestone_slab":1,"minecraft:mossy_cobblestone_stairs":2,"minecraft:iron_ore":19,"minecraft:cobbled_deepslate":16,"minecraft:fire":1,"minecraft:pumpkin":1,"minecraft:moss_carpet":1,"minecraft:deepslate_lapis_ore":3,"minecraft:enchanting_table":1,"minecraft:pointed_dripstone":1,"minecraft:azalea":1,"minecraft:deepslate_redstone_ore":8,"expore:exp_ore":38,"minecraft:cyan_terracotta":1,"minecraft:torch":5,"minecraft:blast_furnace":1,"expore:deepslate_exp_ore":27,"minecraft:polished_andesite_stairs":4,"minecraft:calcite":38,"minecraft:melon":7,"minecraft:chest":1,"minecraft:cobblestone":51,"minecraft:sugar_cane":16,"minecraft:oak_planks":2,"minecraft:wall_torch":4,"minecraft:amethyst_block":4,"minecraft:skeleton_skull":1,"minecraft:birch_log":64,"evilcraft:dark_ore_deepslate":2,"minecraft:smooth_stone_slab":2,"minecraft:grass":68,"minecraft:oak_log":136,"minecraft:dirt":47,"minecraft:brown_candle":1,"minecraft:smooth_basalt":8,"minecraft:oak_leaves":32,"minecraft:deepslate":417,"minecraft:tuff":83,"rpgsmw:miphrildeepslateore":1,"minecraft:mossy_cobblestone":2,"minecraft:deepslate_diamond_ore":18,"minecraft:glow_lichen":1,"minecraft:spruce_leaves":30,"minecraft:large_fern":4,"minecraft:hay_block":63,"minecraft:andesite":54,"evilcraft:dark_ore":2,"minecraft:bookshelf":32,"minecraft:deepslate_iron_ore":54,"minecraft:vine":5,"minecraft:rail":123,"minecraft:lantern":1,"minecraft:bamboo":1,"minecraft:stone":329,"minecraft:white_wool":35,"minecraft:glass_pane":1,"travelersbackpack:standard":1,"minecraft:oak_fence":4,"minecraft:crafting_table":8,"minecraft:cornflower":1,"minecraft:tall_grass":9,"minecraft:copper_ore":24,"minecraft:deepslate_gold_ore":22,"minecraft:diorite":61,"minecraft:spruce_stairs":2,"minecraft:coarse_dirt":1,"rpgsmw:mineral_ore":1,"minecraft:sweet_berry_bush":1,"minecraft:spruce_log":1,"minecraft:birch_leaves":15,"gobber2:gobber2_lucky_block_deepslate":11,"minecraft:coal_ore":102,"minecraft:cocoa":4,"minecraft:gravel":10,"minecraft:dripstone_block":23,"minecraft:cobweb":97,"minecraft:cracked_stone_bricks":4,"minecraft:polished_andesite":2,"travelersbackpack:enderman":2,"minecraft:mossy_stone_bricks":1,"minecraft:gold_ore":4,"minecraft:fern":5},"minecraft:broken":{"rpgsmw:stone_greatsword":1,"minecraft:leather_leggings":1,"warhammersmod:hammer_wood":1,"easy_hammers:stone_hammer":2,"minecraft:leather_chestplate":1,"minecraft:iron_axe":1,"minecraft:leather_boots":1,"minecraft:iron_pickaxe":2,"rpgsmw:iron_greatsword":1},"minecraft:dropped":{"minecraft:lapis_lazuli":23,"minecraft:leather":10,"minecraft:saddle":1,"travelersbackpack:standard":1,"minecraft:emerald":3,"evilcraft:broom":1,"minecraft:mutton":4,"minecraft:sand":1,"minecraft:birch_log":1,"minecraft:bone":16,"minecraft:cooked_chicken":2,"minecraft:cobbled_deepslate":7,"rpgsmw:assassin_diamond_armour_chestplate":1,"minecraft:rotten_flesh":1,"minecraft:oak_planks":13,"travelersbackpack:pig":1,"rpgsmw:class_remove_orb":1,"rpgsmw:iron_rifle":1,"rpgsmw:iron_greatsword":1,"minecraft:beef":5,"easy_hammers:diamond_hammer":1,"minecraft:water_bucket":1,"minecraft:iron_ingot":61,"minecraft:bread":27,"minecraft:wheat_seeds":3,"minecraft:mossy_cobblestone":1,"minecraft:cobblestone":64,"rpgsmw:stone_greatsword":2,"minecraft:granite":8,"minecraft:coal":37,"warhammersmod:hammer_wood":1,"minecraft:stick":1,"spartanshields:golden_tower_shield":2,"tombstone:magic_scroll":1,"minecraft:torch":16,"minecraft:melon_slice":3,"rpgsmw:class_choose_orb":1,"rpgsmw:assassin_diamond_armour_helmet":1,"rpgsmw:assassin_diamond_armour_leggings":1,"rpgsmw:stone_battle_axe":1,"minecraft:coarse_dirt":1,"minecraft:filled_map":1,"alexsmobs:cockroach_wing_fragment":2,"minecraft:diamond_pickaxe":1,"minecraft:oak_sapling":1,"minecraft:bow":1,"minecraft:stone_pickaxe":1,"minecraft:wooden_pickaxe":1},"minecraft:used":{"minecraft:ladder":12,"minecraft:chest":12,"minecraft:iron_sword":16,"minecraft:rotten_flesh":6,"minecraft:tuff":23,"alexsmobs:spawn_egg_platypus":1,"minecraft:lantern":1,"minecraft:hay_block":3,"minecraft:furnace":1,"rpgsmw:stone_battle_axe":78,"minecraft:skeleton_skull":1,"minecraft:egg":1,"travelersbackpack:enderman":12,"minecraft:mossy_stone_bricks":1,"minecraft:diorite":19,"minecraft:stone_pickaxe":116,"minecraft:oak_planks":44,"rpgsmw:stone_spear":14,"minecraft:wooden_pickaxe":52,"minecraft:blast_furnace":1,"minecraft:crossbow":5,"rpgsmw:iron_rifle":6,"easy_hammers:diamond_hammer":259,"minecraft:bread":157,"minecraft:melon_slice":63,"minecraft:gravel":8,"minecraft:andesite":4,"minecraft:cooked_rabbit":13,"minecraft:experience_bottle":2,"rpgsmw:stone_greatsword":172,"minecraft:enchanting_table":2,"minecraft:stone_sword":40,"minecraft:flint_and_steel":1,"easy_hammers:stone_hammer":293,"minecraft:wooden_shovel":3,"minecraft:cooked_chicken":1,"minecraft:torch":386,"minecraft:dirt":43,"warhammersmod:hammer_iron":82,"minecraft:hopper":2,"minecraft:granite":1,"minecraft:mossy_cobblestone_stairs":2,"rpgsmw:diamond_rifle":3,"minecraft:bookshelf":25,"minecraft:iron_axe":136,"rpgsmw:nephris_battle_glove":2,"rpgsmw:iron_greatsword":304,"minecraft:bamboo":1,"minecraft:beef":3,"tombstone:gift":4,"minecraft:cooked_beef":7,"minecraft:cobbled_deepslate":117,"minecraft:brown_candle":4,"minecraft:pointed_dripstone":1,"minecraft:cooked_mutton":2,"minecraft:water_bucket":6,"minecraft:birch_planks":4,"minecraft:polished_andesite":1,"minecraft:birch_boat":2,"rpgsmw:stone_knife":19,"minecraft:cracked_stone_bricks":3,"warhammersmod:hammer_wood":32,"minecraft:crafting_table":23,"minecraft:campfire":1,"rpgsmw:assassin_diamond_armour_helmet":1,"tombstone:bag_of_seeds":2,"minecraft:diamond_pickaxe":301,"minecraft:cornflower":1,"minecraft:chicken":2,"minecraft:iron_pickaxe":379,"torchbowmod:torchbow":86,"minecraft:stone_axe":18,"minecraft:cobblestone":129,"travelersbackpack:standard":24,"minecraft:bucket":7},"minecraft:picked_up":{"minecraft:amethyst_block":7,"evilcraft:ender_tear":1,"minecraft:string":132,"minecraft:raw_copper":172,"minecraft:smooth_stone_slab":2,"rpgsmw:stone_greatsword":1,"minecraft:cobbled_deepslate":2824,"travelersbackpack:enderman":3,"minecraft:calcite":43,"minecraft:azalea":1,"minecraft:melon_slice":70,"minecraft:golden_helmet":1,"minecraft:stick":9,"minecraft:oak_fence":5,"minecraft:torch":61,"minecraft:porkchop":4,"tombstone:grave_dust":21,"minecraft:pointed_dripstone":10,"minecraft:diorite":92,"gobber2:gobber2_foo":2,"minecraft:rotten_flesh":79,"minecraft:cyan_terracotta":1,"rpgsmw:iron_rifle":1,"minecraft:obsidian":46,"minecraft:cobblestone":776,"minecraft:nautilus_shell":1,"warhammersmod:hammer_wood":1,"minecraft:birch_log":64,"minecraft:enchanting_table":1,"minecraft:mossy_cobblestone_slab":1,"minecraft:feather":3,"minecraft:cooked_beef":7,"minecraft:andesite":82,"paraglider:spirit_orb":12,"minecraft:flint":5,"minecraft:tuff":626,"rpgsmw:assassin_diamond_armour_helmet":1,"minecraft:lapis_lazuli":57,"minecraft:dirt":136,"minecraft:lantern":1,"minecraft:brown_candle":4,"minecraft:name_tag":1,"travelersbackpack:bookshelf":1,"minecraft:bone":70,"minecraft:bow":2,"gobber2:gobber2_gooey_beef":9,"minecraft:wheat_seeds":14,"minecraft:raw_gold":28,"rpgsmw:assassin_diamond_armour_leggings":1,"rpgsmw:stone_battle_axe":1,"gobber2:gobber2_globette":26,"minecraft:glowstone_dust":1,"minecraft:mossy_stone_bricks":1,"minecraft:bamboo":19,"minecraft:powered_rail":2,"minecraft:moss_block":11,"minecraft:oak_planks":26,"gobber2:gobber2_gooey_bread":5,"rpgsmw:assassin_diamond_armour_chestplate":1,"minecraft:sand":1,"minecraft:ink_sac":6,"minecraft:grass_block":1,"minecraft:dark_oak_log":3,"minecraft:mossy_cobblestone":5,"minecraft:bundle":2,"minecraft:polished_andesite":2,"minecraft:diamond":26,"minecraft:crossbow":1,"minecraft:granite":86,"minecraft:bread":8,"minecraft:emerald":8,"minecraft:oak_sapling":5,"gobber2:gobber2_goo":11,"minecraft:diamond_pickaxe":1,"minecraft:crafting_table":7,"minecraft:cocoa_beans":12,"minecraft:coarse_dirt":2,"minecraft:chicken":6,"minecraft:chest_minecart":4,"minecraft:cooked_rabbit":1,"minecraft:cornflower":2,"minecraft:moss_carpet":5,"travelersbackpack:pig":1,"spartanshields:golden_tower_shield":2,"minecraft:cracked_stone_bricks":3,"minecraft:detector_rail":7,"minecraft:beef":34,"minecraft:sugar_cane":27,"minecraft:birch_sapling":4,"rpgsmw:biril":1,"minecraft:egg":5,"minecraft:raw_iron":253,"rpgsmw:iron_greatsword":1,"minecraft:redstone":156,"minecraft:diamond_chestplate":1,"minecraft:arrow":80,"minecraft:hay_block":64,"tombstone:essence_of_undeath":2,"minecraft:saddle":1,"minecraft:mutton":10,"minecraft:white_wool":33,"minecraft:skeleton_skull":2,"minecraft:rail":119,"minecraft:oxeye_daisy":2,"gobber2:gobber2_gooey_beefstew":3,"minecraft:leather":18,"minecraft:filled_map":1,"minecraft:oak_log":137,"minecraft:gunpowder":7,"minecraft:cobblestone_stairs":1,"tombstone:gift":1,"minecraft:white_banner":1,"minecraft:cooked_mutton":2,"minecraft:apple":1,"alexsmobs:cockroach_wing_fragment":3,"minecraft:iron_ingot":17,"minecraft:stone_pickaxe":1,"minecraft:cooked_chicken":5,"tombstone:bag_of_seeds":2,"minecraft:flowering_azalea":1,"minecraft:iron_sword":7,"minecraft:acacia_sapling":1,"minecraft:book":93,"minecraft:polished_andesite_stairs":4,"minecraft:smooth_basalt":12,"minecraft:pumpkin":1,"minecraft:sweet_berries":3,"minecraft:dandelion":3,"minecraft:gravel":9,"minecraft:raw_iron_block":2,"minecraft:dripstone_block":36,"minecraft:spruce_sapling":1,"minecraft:blast_furnace":1,"minecraft:spider_eye":3,"travelersbackpack:standard":1,"minecraft:slime_ball":3,"evilcraft:dark_gem":26,"minecraft:mossy_cobblestone_stairs":3,"tombstone:magic_scroll":4,"minecraft:black_wool":2,"minecraft:melon_seeds":2,"minecraft:coal":190,"minecraft:hopper":1,"minecraft:ender_pearl":1},"minecraft:killed":{"minecraft:cave_spider":7,"minecraft:spider":7,"minecraft:skeleton":48,"minecraft:chicken":5,"minecraft:pig":3,"minecraft:zombie_villager":1,"minecraft:creeper":3,"mowziesmobs:lantern":1,"minecraft:sheep":7,"minecraft:pillager":6,"minecraft:zombie":62,"alexsmobs:fly":2,"minecraft:cow":15,"alexsmobs:raccoon":1,"minecraft:vindicator":4,"minecraft:slime":1,"alexsmobs:gorilla":1,"minecraft:drowned":1,"alexsmobs:cockroach":2},"minecraft:crafted":{"minecraft:oak_planks":458,"minecraft:birch_boat":2,"spartanshields:wooden_tower_shield":2,"minecraft:bookshelf":27,"minecraft:hopper":1,"minecraft:bow":2,"minecraft:iron_boots":1,"minecraft:chest":13,"minecraft:oak_button":1,"rpgsmw:woodenfiber":10,"minecraft:wooden_shovel":1,"minecraft:crafting_table":16,"minecraft:wooden_pickaxe":2,"minecraft:copper_ingot":52,"rpgsmw:stone_greatsword":2,"rpgsmw:bullet":24,"minecraft:birch_planks":76,"minecraft:pumpkin_seeds":4,"minecraft:campfire":1,"warhammersmod:hammer_wood":1,"rpgsmw:stone_knife":1,"rpgsmw:iron_rifle":1,"minecraft:diamond_pickaxe":1,"minecraft:stick":228,"torchbowmod:torchbow":1,"minecraft:iron_ingot":169,"minecraft:compass":1,"minecraft:iron_pickaxe":1,"minecraft:stone_sword":2,"minecraft:redstone":4,"minecraft:furnace":1,"easy_hammers:stone_hammer":3,"spartanshields:stone_tower_shield":1,"warhammersmod:hammer_iron":1,"minecraft:flint_and_steel":2,"rpgsmw:iron_greatsword":2,"minecraft:ladder":12,"minecraft:stone_pickaxe":1,"minecraft:wheat":549,"rpgsmw:fabric":1,"paraglider:paraglider":1,"easy_hammers:diamond_hammer":2,"rpgsmw:stone_spear":1,"minecraft:enchanting_table":2,"minecraft:bucket":1,"minecraft:stone_axe":1,"minecraft:bread":156,"minecraft:air":0,"minecraft:torch":370},"minecraft:custom":{"minecraft:interact_with_crafting_table":133,"minecraft:open_barrel":1,"minecraft:leave_game":9,"minecraft:time_since_death":68776,"minecraft:damage_resisted":2946,"minecraft:sprint_one_cm":1145149,"minecraft:drop":95,"minecraft:talked_to_villager":13,"minecraft:play_time":597601,"minecraft:deaths":6,"minecraft:jump":6339,"minecraft:walk_on_water_one_cm":112210,"minecraft:enchant_item":3,"minecraft:interact_with_furnace":14,"minecraft:traded_with_villager":2,"minecraft:sleep_in_bed":6,"tombstone:sneak_grave":1,"minecraft:damage_dealt":29710,"minecraft:crouch_one_cm":35554,"tombstone:undead_killed":112,"minecraft:interact_with_smoker":5,"minecraft:horse_one_cm":725244,"minecraft:interact_with_smithing_table":2,"minecraft:mob_kills":189,"minecraft:interact_with_anvil":1,"minecraft:inspect_hopper":10,"minecraft:interact_with_campfire":7,"minecraft:climb_one_cm":10579,"minecraft:walk_one_cm":1246007,"minecraft:raid_win":1,"minecraft:sneak_time":14464,"minecraft:walk_under_water_one_cm":71044,"minecraft:boat_one_cm":5827,"minecraft:interact_with_blast_furnace":34,"minecraft:total_world_time":597601,"tombstone:raider_killed":10,"minecraft:time_since_rest":68812,"minecraft:damage_taken":12583,"minecraft:swim_one_cm":103617,"minecraft:fly_one_cm":1173982,"minecraft:open_chest":371,"minecraft:fall_one_cm":144170}},"DataVersion":3465}