{"stats":{"minecraft:custom":{"minecraft:interact_with_furnace":13,"minecraft:damage_taken":2290,"minecraft:sprint_one_cm":78504,"minecraft:walk_one_cm":298114,"minecraft:mob_kills":2,"minecraft:drop":2,"minecraft:damage_dealt":299,"minecraft:interact_with_crafting_table":4,"minecraft:swim_one_cm":2284,"minecraft:fly_one_cm":123781,"minecraft:open_chest":4,"minecraft:crouch_one_cm":782,"minecraft:play_time":65697,"minecraft:deaths":4,"minecraft:bell_ring":2,"minecraft:sneak_time":376,"minecraft:walk_under_water_one_cm":3370,"minecraft:jump":1427,"minecraft:leave_game":6,"minecraft:time_since_death":21773,"minecraft:walk_on_water_one_cm":16905,"minecraft:total_world_time":65697,"minecraft:interact_with_smoker":2,"minecraft:climb_one_cm":1508,"minecraft:fall_one_cm":48069,"minecraft:time_since_rest":21798},"minecraft:crafted":{"minecraft:cooked_beef":5,"minecraft:stick":20,"minecraft:wooden_pickaxe":1,"minecraft:stone_sword":1,"minecraft:torch":28,"minecraft:dark_oak_planks":16},"minecraft:dropped":{"minecraft:cooked_beef":1,"rpgsmw:class_choose_orb":1},"minecraft:mined":{"minecraft:large_fern":1,"minecraft:dark_oak_log":5,"minecraft:pumpkin":1,"minecraft:moss_carpet":1,"minecraft:crafting_table":1,"minecraft:cave_vines_plant":2,"minecraft:grass":21,"minecraft:grass_block":3,"minecraft:pointed_dripstone":2,"minecraft:coal_ore":11,"minecraft:cave_vines":3,"minecraft:melon":3,"minecraft:dripstone_block":7,"minecraft:dirt":1,"minecraft:tall_grass":2,"minecraft:bamboo":2,"minecraft:stone":17,"minecraft:moss_block":4,"minecraft:fern":4},"minecraft:used":{"minecraft:moss_block":3,"minecraft:moss_carpet":2,"minecraft:melon_slice":9,"minecraft:stone_pickaxe":10,"minecraft:wooden_pickaxe":27,"minecraft:dirt":3,"minecraft:cobblestone":2,"minecraft:crafting_table":1,"alexsmobs:animal_dictionary":2,"tombstone:gift":2,"rpgsmw:stone_battle_axe":2,"alexsmobs:leafcutter_ant_chamber":1,"minecraft:cooked_beef":2,"minecraft:cobbled_deepslate":5,"minecraft:pointed_dripstone":2},"minecraft:picked_up":{"minecraft:birch_log":1,"minecraft:crafting_table":1,"minecraft:cooked_beef":3,"minecraft:pumpkin":1,"minecraft:dripstone_block":7,"minecraft:pointed_dripstone":5,"minecraft:dark_oak_log":5,"minecraft:dirt":3,"minecraft:moss_carpet":2,"rpgsmw:class_choose_orb":1,"minecraft:rotten_flesh":2,"gobber2:gobber2_gooey_beef":1,"minecraft:wheat_seeds":5,"minecraft:cobbled_deepslate":5,"minecraft:stone_pickaxe":1,"rpgsmw:stone_battle_axe":1,"minecraft:bamboo":13,"minecraft:moss_block":3,"minecraft:melon_slice":9,"minecraft:glow_berries":11,"minecraft:mutton":3,"minecraft:white_wool":2,"minecraft:coal":17,"minecraft:cobblestone":17,"gobber2:gobber2_gooey_bread":1,"alexsmobs:leafcutter_ant_chamber":1},"minecraft:killed":{"minecraft:sheep":2},"minecraft:broken":{"rpgsmw:stone_battle_axe":1}},"DataVersion":3465}