{"stats":{"minecraft:mined":{"minecraft:dark_oak_planks":5,"minecraft:tuff":9,"minecraft:deepslate_diamond_ore":4,"minecraft:dark_oak_log":8,"minecraft:cave_vines_plant":2,"minecraft:grass_block":3,"minecraft:red_mushroom":2,"minecraft:moss_block":4,"minecraft:spawner":1,"minecraft:large_fern":2,"minecraft:hay_block":1,"minecraft:cobbled_deepslate":1,"minecraft:andesite":2,"minecraft:moss_carpet":1,"minecraft:pumpkin":1,"minecraft:pointed_dripstone":2,"minecraft:cave_vines":3,"minecraft:deepslate_iron_ore":7,"minecraft:stripped_oak_log":2,"minecraft:bamboo":5,"minecraft:stone":44,"minecraft:white_wool":15,"minecraft:brown_mushroom":1,"expore:exp_ore":7,"minecraft:lily_of_the_valley":1,"minecraft:dandelion":9,"minecraft:crafting_table":3,"minecraft:torch":1,"minecraft:emerald_ore":1,"expore:deepslate_exp_ore":18,"minecraft:poppy":6,"minecraft:melon":3,"minecraft:chest":2,"minecraft:tall_grass":10,"minecraft:cobblestone":30,"minecraft:dark_oak_slab":3,"evilcraft:dark_ore_deepslate":2,"minecraft:birch_log":5,"minecraft:grass":210,"minecraft:oak_log":5,"minecraft:coal_ore":24,"minecraft:dripstone_block":7,"minecraft:sand":1,"minecraft:dirt":1,"minecraft:cobweb":99,"minecraft:oak_leaves":3,"minecraft:deepslate":46,"minecraft:fern":21},"minecraft:broken":{"rpgsmw:stone_battle_axe":1},"minecraft:dropped":{"minecraft:wheat_seeds":11,"minecraft:cooked_beef":1,"minecraft:oak_log":2,"minecraft:diamond":4,"minecraft:crafting_table":1,"minecraft:crossbow":1,"minecraft:cobblestone":50,"paraglider:spirit_orb":2,"minecraft:stick":4,"minecraft:dirt":4,"minecraft:dark_oak_log":2,"minecraft:diorite":1,"rpgsmw:class_choose_orb":1,"minecraft:string":3,"minecraft:white_wool":12,"minecraft:redstone":9,"minecraft:cobbled_deepslate":310,"minecraft:tuff":30,"minecraft:wheat":26,"minecraft:pointed_dripstone":6,"minecraft:rotten_flesh":5,"minecraft:filled_map":1,"minecraft:oak_sapling":4},"minecraft:used":{"rpgsmw:stone_greatsword":44,"minecraft:moss_block":3,"minecraft:moss_carpet":2,"minecraft:poppy":2,"minecraft:chest":2,"minecraft:iron_sword":124,"minecraft:torch":23,"minecraft:dirt":3,"spartanshields:golden_tower_shield":1,"minecraft:dark_oak_slab":3,"rpgsmw:stone_battle_axe":2,"tombstone:gift":2,"minecraft:cooked_beef":2,"minecraft:potato":2,"minecraft:cobbled_deepslate":11,"minecraft:pointed_dripstone":2,"minecraft:water_bucket":1,"minecraft:stone_pickaxe":10,"minecraft:wooden_pickaxe":43,"minecraft:sand":1,"minecraft:crafting_table":2,"minecraft:oak_log":1,"easy_hammers:diamond_hammer":54,"minecraft:bread":24,"minecraft:melon_slice":9,"minecraft:iron_pickaxe":113,"minecraft:wooden_sword":7,"minecraft:cobblestone":14,"travelersbackpack:standard":1,"minecraft:bucket":1,"alexsmobs:animal_dictionary":2,"minecraft:stripped_oak_log":2,"alexsmobs:leafcutter_ant_chamber":1,"minecraft:dandelion":1},"minecraft:killed":{"minecraft:cave_spider":3,"minecraft:witch":1,"minecraft:spider":2,"minecraft:skeleton":1,"minecraft:drowned":1,"minecraft:pig":2,"minecraft:sheep":2,"minecraft:zombie":8,"minecraft:cow":3},"minecraft:picked_up":{"minecraft:crafting_table":3,"minecraft:wheat":26,"minecraft:brown_mushroom":1,"minecraft:string":67,"minecraft:moss_carpet":2,"spartanshields:golden_tower_shield":2,"rpgsmw:stone_greatsword":1,"minecraft:cobbled_deepslate":321,"minecraft:beef":7,"minecraft:poppy":5,"minecraft:melon_slice":9,"minecraft:chest":2,"alexsmobs:leafcutter_ant_chamber":1,"minecraft:stick":4,"minecraft:raw_iron":9,"minecraft:torch":2,"minecraft:porkchop":3,"easy_hammers:diamond_hammer":1,"tombstone:grave_dust":2,"minecraft:pointed_dripstone":11,"minecraft:diorite":1,"minecraft:redstone":9,"minecraft:dark_oak_planks":5,"minecraft:arrow":1,"minecraft:rotten_flesh":10,"minecraft:hay_block":1,"tombstone:essence_of_undeath":1,"minecraft:glow_berries":11,"minecraft:mutton":3,"minecraft:cobblestone":79,"minecraft:white_wool":14,"minecraft:birch_log":6,"minecraft:stripped_oak_log":2,"minecraft:cooked_beef":5,"minecraft:water_bucket":1,"minecraft:leather":6,"minecraft:red_mushroom":2,"paraglider:spirit_orb":6,"minecraft:tuff":60,"minecraft:oak_log":7,"minecraft:dirt":19,"minecraft:bone":1,"gobber2:gobber2_gooey_beef":1,"minecraft:wheat_seeds":37,"alexsmobs:cockroach_wing_fragment":1,"minecraft:stone_pickaxe":1,"minecraft:iron_ingot":36,"rpgsmw:stone_battle_axe":1,"minecraft:bamboo":33,"minecraft:moss_block":3,"gobber2:gobber2_gooey_bread":1,"minecraft:dark_oak_slab":3,"minecraft:pumpkin":1,"minecraft:dandelion":12,"minecraft:dripstone_block":16,"minecraft:sand":1,"minecraft:lily_of_the_valley":1,"minecraft:dark_oak_log":8,"rpgsmw:class_choose_orb":1,"travelersbackpack:standard":1,"minecraft:diamond":4,"evilcraft:broom":1,"evilcraft:dark_gem":8,"minecraft:emerald":1,"minecraft:bread":27,"tombstone:magic_scroll":1,"minecraft:oak_sapling":4,"minecraft:oak_leaves":3,"minecraft:coal":49},"minecraft:crafted":{"minecraft:wooden_sword":1,"minecraft:oak_planks":8,"minecraft:iron_boots":1,"minecraft:dark_oak_planks":20,"minecraft:cooked_beef":5,"paraglider:paraglider":1,"minecraft:wooden_pickaxe":2,"minecraft:iron_helmet":1,"minecraft:iron_sword":1,"minecraft:iron_chestplate":1,"minecraft:stick":40,"minecraft:iron_pickaxe":1,"minecraft:stone_sword":1,"minecraft:iron_leggings":1,"minecraft:torch":62},"minecraft:custom":{"minecraft:mob_kills":24,"minecraft:interact_with_crafting_table":12,"minecraft:bell_ring":2,"minecraft:leave_game":9,"minecraft:time_since_death":115981,"minecraft:climb_one_cm":2882,"minecraft:sprint_one_cm":192771,"minecraft:walk_one_cm":882177,"minecraft:damage_blocked_by_shield":25,"minecraft:drop":30,"minecraft:play_time":199021,"minecraft:deaths":6,"minecraft:sneak_time":642,"minecraft:walk_under_water_one_cm":10649,"minecraft:jump":3146,"minecraft:walk_on_water_one_cm":46497,"minecraft:total_world_time":199021,"minecraft:interact_with_furnace":14,"spartanshields:shield_bash_hits":1,"tombstone:raider_killed":1,"minecraft:time_since_rest":116007,"minecraft:damage_taken":3806,"minecraft:damage_dealt":4291,"minecraft:swim_one_cm":5657,"minecraft:fly_one_cm":271256,"minecraft:open_chest":32,"minecraft:crouch_one_cm":1777,"tombstone:undead_killed":10,"minecraft:interact_with_smoker":2,"minecraft:fall_one_cm":86105,"minecraft:horse_one_cm":119}},"DataVersion":3465}