{"stats":{"minecraft:custom":{"minecraft:interact_with_furnace":13,"minecraft:mob_kills":5,"minecraft:interact_with_crafting_table":4,"minecraft:bell_ring":2,"minecraft:leave_game":6,"minecraft:time_since_death":2321,"minecraft:climb_one_cm":2128,"minecraft:time_since_rest":2347,"minecraft:sprint_one_cm":96610,"minecraft:damage_taken":2365,"minecraft:walk_one_cm":375153,"minecraft:drop":2,"minecraft:damage_dealt":637,"minecraft:swim_one_cm":2284,"minecraft:fly_one_cm":143132,"minecraft:open_chest":4,"minecraft:crouch_one_cm":782,"minecraft:play_time":77697,"minecraft:deaths":5,"minecraft:sneak_time":376,"minecraft:walk_under_water_one_cm":5014,"minecraft:jump":1698,"minecraft:walk_on_water_one_cm":20409,"minecraft:interact_with_smoker":2,"minecraft:total_world_time":77697,"minecraft:fall_one_cm":51537},"minecraft:crafted":{"minecraft:cooked_beef":5,"minecraft:wooden_pickaxe":1,"minecraft:stick":20,"minecraft:stone_sword":1,"minecraft:dark_oak_planks":16,"minecraft:torch":28},"minecraft:dropped":{"minecraft:cooked_beef":1,"rpgsmw:class_choose_orb":1},"minecraft:mined":{"minecraft:brown_mushroom":1,"minecraft:lily_of_the_valley":1,"minecraft:dark_oak_log":5,"minecraft:crafting_table":1,"minecraft:cave_vines_plant":2,"minecraft:grass_block":3,"minecraft:poppy":4,"minecraft:melon":3,"minecraft:tall_grass":2,"minecraft:red_mushroom":2,"minecraft:moss_block":4,"minecraft:large_fern":2,"minecraft:moss_carpet":1,"minecraft:pumpkin":1,"minecraft:grass":54,"minecraft:pointed_dripstone":2,"minecraft:coal_ore":11,"minecraft:cave_vines":3,"minecraft:dripstone_block":7,"minecraft:sand":1,"minecraft:dirt":1,"minecraft:bamboo":5,"minecraft:stone":17,"minecraft:oak_leaves":1,"minecraft:fern":21},"minecraft:used":{"minecraft:moss_block":3,"minecraft:moss_carpet":2,"minecraft:stone_pickaxe":10,"minecraft:wooden_pickaxe":27,"minecraft:dirt":3,"minecraft:sand":1,"minecraft:crafting_table":1,"minecraft:melon_slice":9,"minecraft:cobblestone":2,"rpgsmw:stone_battle_axe":2,"tombstone:gift":2,"alexsmobs:animal_dictionary":2,"minecraft:cooked_beef":2,"alexsmobs:leafcutter_ant_chamber":1,"minecraft:cobbled_deepslate":5,"minecraft:pointed_dripstone":2},"minecraft:picked_up":{"minecraft:birch_log":1,"minecraft:crafting_table":1,"minecraft:cooked_beef":3,"minecraft:leather":3,"minecraft:brown_mushroom":1,"minecraft:red_mushroom":2,"minecraft:dirt":3,"minecraft:moss_carpet":2,"gobber2:gobber2_gooey_beef":1,"minecraft:wheat_seeds":14,"minecraft:cobbled_deepslate":5,"minecraft:beef":4,"minecraft:stone_pickaxe":1,"rpgsmw:stone_battle_axe":1,"minecraft:poppy":3,"minecraft:bamboo":33,"minecraft:melon_slice":9,"minecraft:moss_block":3,"gobber2:gobber2_gooey_bread":1,"alexsmobs:leafcutter_ant_chamber":1,"minecraft:pumpkin":1,"minecraft:dripstone_block":7,"minecraft:porkchop":3,"minecraft:sand":1,"minecraft:pointed_dripstone":5,"minecraft:lily_of_the_valley":1,"minecraft:dark_oak_log":5,"rpgsmw:class_choose_orb":1,"minecraft:rotten_flesh":2,"minecraft:oak_leaves":3,"minecraft:glow_berries":11,"minecraft:mutton":3,"minecraft:cobblestone":17,"minecraft:coal":17,"minecraft:white_wool":2},"minecraft:killed":{"minecraft:pig":1,"minecraft:sheep":2,"minecraft:cow":2},"minecraft:broken":{"rpgsmw:stone_battle_axe":1}},"DataVersion":3465}