{"stats":{"minecraft:custom":{"minecraft:interact_with_furnace":13,"minecraft:mob_kills":7,"minecraft:interact_with_crafting_table":5,"minecraft:bell_ring":2,"minecraft:leave_game":7,"minecraft:time_since_death":10733,"minecraft:climb_one_cm":2128,"minecraft:time_since_rest":10759,"minecraft:sprint_one_cm":120733,"minecraft:damage_taken":2620,"minecraft:walk_one_cm":468378,"minecraft:drop":2,"minecraft:damage_dealt":963,"minecraft:swim_one_cm":2284,"minecraft:fly_one_cm":161609,"minecraft:open_chest":7,"minecraft:crouch_one_cm":930,"tombstone:undead_killed":1,"minecraft:play_time":93773,"minecraft:deaths":6,"minecraft:sneak_time":386,"minecraft:walk_under_water_one_cm":6200,"minecraft:jump":1958,"minecraft:walk_on_water_one_cm":22735,"minecraft:interact_with_smoker":2,"minecraft:total_world_time":93773,"minecraft:fall_one_cm":53780},"minecraft:crafted":{"minecraft:cooked_beef":5,"minecraft:wooden_pickaxe":1,"minecraft:stick":20,"minecraft:stone_sword":1,"minecraft:dark_oak_planks":16,"minecraft:torch":28},"minecraft:dropped":{"minecraft:cooked_beef":1,"rpgsmw:class_choose_orb":1},"minecraft:mined":{"minecraft:dark_oak_planks":5,"minecraft:brown_mushroom":1,"minecraft:lily_of_the_valley":1,"minecraft:dark_oak_log":8,"minecraft:dandelion":9,"minecraft:crafting_table":1,"minecraft:cave_vines_plant":2,"minecraft:grass_block":3,"minecraft:poppy":6,"minecraft:melon":3,"minecraft:tall_grass":10,"minecraft:red_mushroom":2,"minecraft:moss_block":4,"minecraft:large_fern":2,"minecraft:dark_oak_slab":3,"minecraft:birch_log":5,"minecraft:moss_carpet":1,"minecraft:pumpkin":1,"minecraft:grass":209,"minecraft:oak_log":5,"minecraft:pointed_dripstone":2,"minecraft:coal_ore":11,"minecraft:cave_vines":3,"minecraft:dripstone_block":7,"minecraft:sand":1,"minecraft:dirt":1,"minecraft:stripped_oak_log":2,"minecraft:bamboo":5,"minecraft:stone":17,"minecraft:oak_leaves":3,"minecraft:fern":21},"minecraft:used":{"minecraft:moss_block":3,"minecraft:water_bucket":1,"minecraft:moss_carpet":2,"minecraft:stone_pickaxe":10,"minecraft:poppy":2,"minecraft:wooden_pickaxe":27,"minecraft:dirt":3,"minecraft:sand":1,"minecraft:crafting_table":1,"minecraft:melon_slice":9,"minecraft:dark_oak_slab":3,"minecraft:cobblestone":2,"rpgsmw:stone_battle_axe":2,"minecraft:bucket":1,"tombstone:gift":2,"minecraft:dandelion":1,"alexsmobs:animal_dictionary":2,"minecraft:cooked_beef":2,"alexsmobs:leafcutter_ant_chamber":1,"minecraft:cobbled_deepslate":5,"minecraft:pointed_dripstone":2},"minecraft:picked_up":{"minecraft:birch_log":6,"minecraft:crafting_table":1,"minecraft:cooked_beef":3,"minecraft:water_bucket":1,"minecraft:leather":4,"minecraft:brown_mushroom":1,"minecraft:red_mushroom":2,"minecraft:oak_log":5,"minecraft:dirt":15,"minecraft:moss_carpet":2,"gobber2:gobber2_gooey_beef":1,"minecraft:wheat_seeds":37,"minecraft:cobbled_deepslate":5,"minecraft:beef":4,"minecraft:stone_pickaxe":1,"rpgsmw:stone_battle_axe":1,"minecraft:poppy":5,"minecraft:bamboo":33,"minecraft:melon_slice":9,"minecraft:moss_block":3,"gobber2:gobber2_gooey_bread":1,"alexsmobs:leafcutter_ant_chamber":1,"minecraft:stick":4,"minecraft:dark_oak_slab":3,"minecraft:pumpkin":1,"minecraft:dandelion":12,"minecraft:dripstone_block":7,"minecraft:porkchop":3,"minecraft:sand":1,"minecraft:pointed_dripstone":5,"minecraft:lily_of_the_valley":1,"minecraft:dark_oak_log":8,"minecraft:dark_oak_planks":5,"rpgsmw:class_choose_orb":1,"minecraft:rotten_flesh":2,"minecraft:oak_sapling":4,"minecraft:oak_leaves":3,"minecraft:glow_berries":11,"minecraft:mutton":3,"minecraft:cobblestone":17,"minecraft:coal":17,"minecraft:white_wool":2,"minecraft:stripped_oak_log":2},"minecraft:killed":{"minecraft:pig":1,"minecraft:sheep":2,"minecraft:zombie":1,"minecraft:cow":2},"minecraft:broken":{"rpgsmw:stone_battle_axe":1}},"DataVersion":3465}