{"stats":{"minecraft:mined":{"minecraft:tuff":1,"minecraft:brown_mushroom":1,"expore:exp_ore":2,"minecraft:deepslate_diamond_ore":3,"minecraft:lily_of_the_valley":1,"minecraft:dark_oak_log":8,"minecraft:dandelion":9,"minecraft:torch":1,"minecraft:crafting_table":3,"minecraft:cave_vines_plant":2,"expore:deepslate_exp_ore":9,"minecraft:grass_block":3,"minecraft:poppy":6,"minecraft:melon":3,"minecraft:tall_grass":10,"minecraft:cobblestone":1,"minecraft:moss_block":4,"minecraft:red_mushroom":2,"minecraft:large_fern":2,"minecraft:dark_oak_slab":3,"minecraft:birch_log":5,"minecraft:moss_carpet":1,"minecraft:pumpkin":1,"minecraft:grass":210,"minecraft:oak_log":5,"minecraft:pointed_dripstone":2,"minecraft:coal_ore":11,"minecraft:cave_vines":3,"minecraft:deepslate_iron_ore":6,"minecraft:dripstone_block":7,"minecraft:sand":1,"minecraft:dirt":1,"minecraft:stripped_oak_log":2,"minecraft:cobweb":37,"minecraft:deepslate":8,"minecraft:bamboo":5,"minecraft:stone":30,"minecraft:oak_leaves":3,"minecraft:fern":21,"minecraft:dark_oak_planks":5},"minecraft:broken":{"rpgsmw:stone_battle_axe":1},"minecraft:dropped":{"minecraft:cooked_beef":1,"rpgsmw:class_choose_orb":1},"minecraft:used":{"minecraft:moss_block":3,"minecraft:moss_carpet":2,"minecraft:water_bucket":1,"minecraft:stone_pickaxe":10,"minecraft:poppy":2,"minecraft:wooden_pickaxe":42,"minecraft:iron_sword":50,"minecraft:dirt":3,"minecraft:sand":1,"minecraft:crafting_table":2,"minecraft:oak_log":1,"minecraft:bread":6,"minecraft:melon_slice":9,"minecraft:iron_pickaxe":30,"minecraft:dark_oak_slab":3,"minecraft:wooden_sword":7,"minecraft:cobblestone":6,"rpgsmw:stone_battle_axe":2,"minecraft:stripped_oak_log":2,"minecraft:bucket":1,"tombstone:gift":2,"alexsmobs:animal_dictionary":2,"minecraft:dandelion":1,"alexsmobs:leafcutter_ant_chamber":1,"minecraft:cooked_beef":2,"minecraft:cobbled_deepslate":5,"minecraft:pointed_dripstone":2},"minecraft:killed":{"minecraft:cave_spider":1,"minecraft:pig":2,"minecraft:sheep":2,"minecraft:zombie":3,"minecraft:cow":3},"minecraft:picked_up":{"minecraft:stripped_oak_log":2,"minecraft:birch_log":6,"minecraft:crafting_table":3,"minecraft:cooked_beef":3,"minecraft:water_bucket":1,"minecraft:leather":6,"minecraft:brown_mushroom":1,"minecraft:red_mushroom":2,"minecraft:tuff":1,"minecraft:oak_log":5,"minecraft:string":51,"minecraft:dirt":15,"minecraft:moss_carpet":2,"spartanshields:golden_tower_shield":1,"gobber2:gobber2_gooey_beef":1,"minecraft:wheat_seeds":37,"minecraft:cobbled_deepslate":14,"minecraft:stone_pickaxe":1,"minecraft:beef":7,"minecraft:iron_ingot":36,"rpgsmw:stone_battle_axe":1,"minecraft:poppy":5,"minecraft:bamboo":33,"minecraft:moss_block":3,"minecraft:melon_slice":9,"gobber2:gobber2_gooey_bread":1,"alexsmobs:leafcutter_ant_chamber":1,"minecraft:stick":4,"minecraft:raw_iron":7,"minecraft:dark_oak_slab":3,"minecraft:pumpkin":1,"minecraft:torch":1,"minecraft:dandelion":12,"minecraft:dripstone_block":12,"minecraft:porkchop":3,"minecraft:sand":1,"minecraft:pointed_dripstone":5,"minecraft:diorite":1,"minecraft:lily_of_the_valley":1,"minecraft:dark_oak_log":8,"minecraft:dark_oak_planks":5,"rpgsmw:class_choose_orb":1,"minecraft:rotten_flesh":4,"minecraft:diamond":3,"minecraft:bread":27,"minecraft:oak_sapling":4,"minecraft:glow_berries":11,"minecraft:mutton":3,"minecraft:oak_leaves":3,"minecraft:coal":17,"minecraft:white_wool":2,"minecraft:cobblestone":34},"minecraft:crafted":{"minecraft:cooked_beef":5,"paraglider:paraglider":1,"minecraft:wooden_sword":1,"minecraft:oak_planks":8,"minecraft:wooden_pickaxe":2,"minecraft:iron_helmet":1,"minecraft:iron_sword":1,"minecraft:iron_boots":1,"minecraft:iron_chestplate":1,"minecraft:stick":40,"minecraft:iron_pickaxe":1,"minecraft:stone_sword":1,"minecraft:iron_leggings":1,"minecraft:dark_oak_planks":20,"minecraft:torch":62},"minecraft:custom":{"minecraft:interact_with_furnace":14,"minecraft:mob_kills":12,"minecraft:interact_with_crafting_table":12,"minecraft:bell_ring":2,"minecraft:leave_game":8,"minecraft:time_since_death":33088,"minecraft:climb_one_cm":2128,"minecraft:time_since_rest":33114,"minecraft:sprint_one_cm":135157,"minecraft:damage_taken":2963,"minecraft:walk_one_cm":580738,"minecraft:drop":2,"minecraft:damage_dealt":1782,"minecraft:swim_one_cm":2284,"minecraft:fly_one_cm":177273,"minecraft:open_chest":17,"minecraft:play_time":116128,"minecraft:crouch_one_cm":1169,"tombstone:undead_killed":3,"minecraft:deaths":6,"minecraft:sneak_time":515,"minecraft:walk_under_water_one_cm":6460,"minecraft:horse_one_cm":119,"minecraft:jump":2261,"minecraft:walk_on_water_one_cm":27298,"minecraft:total_world_time":116128,"minecraft:interact_with_smoker":2,"minecraft:fall_one_cm":62529}},"DataVersion":3465}